id,标题,内容
300000,3000000,3000001
300001,3000010,3000011
300002,3000020,3000021
300003,3000030,3000031
300004,3000040,3000041
300005,3000050,3000051
300006,3000060,3000061
300007,3000070,3000071
300008,3000080,3000081
300009,3000090,3000091
300010,3000100,3000101
300011,3000110,3000111
300012,3000120,3000121
300013,3000130,3000131
300014,3000140,3000141
300015,3000150,3000151
300016,3000160,3000161
300017,3000170,3000171
300018,3000180,3000181
300019,3000190,3000191
300020,3000200,3000201
300021,3000210,3000211
300022,3000220,3000221
300023,3000230,3000231
