id,不知道,不知道,不知道,内容,不知道,不知道,不知道,不知道
10,500,0,0,521,2,0,0,10
11,500,0,0,522,2,0,0,11
12,500,0,0,523,2,0,0,12
13,500,0,0,524,2,0,0,13
14,4000,0,0,513,1,0,0,14
15,4000,0,0,525,50,0,0,15
16,2000,0,1,100,1,0,0,16
17,2500,0,1,100,1,0,0,17
18,3000,0,1,100,1,0,0,18
20,500,0,0,521,3,0,0,20
21,500,0,0,522,3,0,0,21
22,500,0,0,523,3,0,0,22
23,500,0,0,524,3,0,0,23
24,2500,0,0,513,1,0,0,24
25,1000,0,0,514,1,0,0,25
26,4000,0,0,525,150,0,0,26
27,500,0,0,603,1,0,0,27
30,500,0,0,521,5,0,0,30
31,500,0,0,522,5,0,0,31
32,500,0,0,523,5,0,0,32
33,500,0,0,524,5,0,0,33
34,2000,0,0,513,1,0,0,34
35,1000,0,0,514,1,0,0,35
36,500,0,0,515,1,0,0,36
37,4000,0,0,525,450,0,0,37
38,500,0,0,603,1,0,0,38
40,1000,0,0,521,5,0,0,40
41,1000,0,0,522,5,0,0,41
42,1000,0,0,523,5,0,0,42
43,1000,0,0,524,5,0,0,43
44,1500,0,0,513,1,0,0,44
45,3000,0,0,514,1,0,0,45
46,500,0,0,515,1,0,0,46
47,800,0,0,525,500,0,0,47
48,200,0,0,603,1,0,0,48
50,1250,0,0,521,6,0,0,50
51,1250,0,0,522,6,0,0,51
52,1250,0,0,523,6,0,0,52
53,1250,0,0,524,6,0,0,53
54,500,0,0,513,1,0,0,54
55,1500,0,0,514,1,0,0,55
56,3000,0,0,515,1,0,0,56
60,1500,0,0,513,1,0,0,60
61,1000,0,0,514,1,0,0,61
62,2000,0,0,521,2,0,0,62
63,1000,0,0,521,4,0,0,63
64,500,0,0,521,6,0,0,64
65,4000,0,0,525,70,0,0,65
70,500,0,0,513,1,0,0,70
71,1000,0,0,514,1,0,0,71
72,500,0,0,515,1,0,0,72
73,2000,0,0,521,4,0,0,73
74,1000,0,0,521,6,0,0,74
75,500,0,0,521,8,0,0,75
76,4000,0,0,525,180,0,0,76
77,500,0,0,603,1,0,0,77
80,500,0,0,513,1,0,0,80
81,500,0,0,514,1,0,0,81
82,1000,0,0,515,1,0,0,82
83,2000,0,0,521,6,0,0,83
84,1000,0,0,521,8,0,0,84
85,500,0,0,521,10,0,0,85
86,4000,0,0,525,500,0,0,86
87,500,0,0,603,1,0,0,87
90,1500,0,0,513,1,0,0,90
91,1000,0,0,514,1,0,0,91
92,2000,0,0,522,2,0,0,92
93,1000,0,0,522,4,0,0,93
94,500,0,0,522,6,0,0,94
95,4000,0,0,525,75,0,0,95
100,500,0,0,513,1,0,0,100
101,1000,0,0,514,1,0,0,101
102,500,0,0,515,1,0,0,102
103,2000,0,0,522,4,0,0,103
104,1000,0,0,522,6,0,0,104
105,500,0,0,522,8,0,0,105
106,4000,0,0,525,180,0,0,106
107,500,0,0,603,1,0,0,107
110,500,0,0,513,1,0,0,110
111,500,0,0,514,1,0,0,111
112,1000,0,0,515,1,0,0,112
113,2000,0,0,522,6,0,0,113
114,1000,0,0,522,8,0,0,114
115,500,0,0,522,10,0,0,115
116,4000,0,0,525,500,0,0,116
117,500,0,0,603,1,0,0,117
120,1500,0,0,513,1,0,0,120
121,1000,0,0,514,1,0,0,121
122,2000,0,0,523,2,0,0,122
123,1000,0,0,523,4,0,0,123
124,500,0,0,523,6,0,0,124
125,4000,0,0,525,80,0,0,125
130,500,0,0,513,1,0,0,130
131,1000,0,0,514,1,0,0,131
132,500,0,0,515,1,0,0,132
133,2000,0,0,523,4,0,0,133
134,1000,0,0,523,6,0,0,134
135,500,0,0,523,8,0,0,135
136,4000,0,0,525,200,0,0,136
137,500,0,0,603,1,0,0,137
140,500,0,0,513,1,0,0,140
141,500,0,0,514,1,0,0,141
142,1000,0,0,515,1,0,0,142
143,2000,0,0,523,6,0,0,143
144,1000,0,0,523,8,0,0,144
145,500,0,0,523,10,0,0,145
146,4000,0,0,525,600,0,0,146
147,500,0,0,603,1,0,0,147
150,1500,0,0,513,1,0,0,150
151,1000,0,0,514,1,0,0,151
152,2000,0,0,524,2,0,0,152
153,1000,0,0,524,4,0,0,153
154,500,0,0,524,6,0,0,154
155,4000,0,0,525,100,0,0,155
160,500,0,0,513,1,0,0,160
161,1000,0,0,514,1,0,0,161
162,500,0,0,515,1,0,0,162
163,2000,0,0,524,4,0,0,163
164,1000,0,0,524,6,0,0,164
165,500,0,0,524,8,0,0,165
166,4000,0,0,525,300,0,0,166
167,500,0,0,603,1,0,0,167
170,500,0,0,513,1,0,0,170
171,500,0,0,514,1,0,0,171
172,1000,0,0,515,1,0,0,172
173,2000,0,0,524,6,0,0,173
174,1000,0,0,524,8,0,0,174
175,500,0,0,524,10,0,0,175
176,4000,0,0,525,800,0,0,176
177,500,0,0,603,1,0,0,177
1000,3000,0,0,527,20,0,0,1000
1001,2000,0,0,528,20,0,0,1001
1002,1000,0,0,529,10,0,0,1002
1003,500,0,0,530,10,0,0,1003
1004,300,0,0,531,8,0,0,1004
1005,200,0,0,532,8,0,0,1005
10000,2000,0,0,513,1,0,2000,10000
10001,1000,0,0,514,1,0,1000,10001
10002,750,0,0,20000,1,0,750,10002
10003,750,0,0,20003,1,0,750,10003
10004,750,0,0,20006,1,0,750,10004
10005,750,0,0,20009,1,0,750,10005
10006,750,0,0,20012,1,0,750,10006
10007,750,0,0,20015,1,0,750,10007
10008,750,0,0,20018,1,0,750,10008
10009,750,0,0,20021,1,0,750,10009
10010,75,0,0,100050,1,0,75,10010
10011,75,0,0,100052,1,0,75,10011
10012,75,0,0,100054,1,0,75,10012
10013,75,0,0,100056,1,0,75,10013
10014,75,0,0,100082,1,0,75,10014
10015,75,0,0,100084,1,0,75,10015
10016,75,0,0,100086,1,0,75,10016
10017,75,0,0,100110,1,0,75,10017
10018,75,0,0,100112,1,0,75,10018
10019,75,0,0,100114,1,0,75,10019
10020,75,0,0,100116,1,0,75,10020
10021,75,0,0,100020,1,0,75,10021
10022,34,0,0,100021,1,0,34,10022
10023,33,0,0,100022,1,0,33,10023
10024,33,0,0,100023,1,0,33,10024
11000,2000,0,0,513,1,0,2000,11000
11001,1000,0,0,514,1,0,1000,11001
11002,400,0,0,515,1,0,400,11002
11003,700,0,0,20000,2,0,700,11003
11004,700,0,0,20003,2,0,700,11004
11005,700,0,0,20006,2,0,700,11005
11006,700,0,0,20009,2,0,700,11006
11007,700,0,0,20012,2,0,700,11007
11008,700,0,0,20015,2,0,700,11008
11009,700,0,0,20018,2,0,700,11009
11010,700,0,0,20021,2,0,700,11010
11011,100,0,0,100024,1,0,100,11011
11012,100,0,0,100025,1,0,100,11012
11013,100,0,0,100026,1,0,100,11013
11014,100,0,0,100074,1,0,100,11014
11015,100,0,0,100076,1,0,100,11015
11016,100,0,0,100078,1,0,100,11016
11017,100,0,0,100080,1,0,100,11017
11018,60,0,0,100000,1,0,60,11018
11019,60,0,0,100001,1,0,60,11019
11020,60,0,0,100002,1,0,60,11020
11021,60,0,0,100003,1,0,60,11021
11022,60,0,0,100004,1,0,60,11022
12000,1000,0,0,513,1,0,1000,12000
12001,1000,0,0,514,1,0,1000,12001
12002,900,0,0,515,1,0,900,12002
12003,400,0,0,516,1,0,400,12003
12004,700,0,0,20001,1,0,700,12004
12005,700,0,0,20004,1,0,700,12005
12006,700,0,0,20007,1,0,700,12006
12007,700,0,0,20010,1,0,700,12007
12008,700,0,0,20013,1,0,700,12008
12009,700,0,0,20016,1,0,700,12009
12010,700,0,0,20019,1,0,700,12010
12011,700,0,0,20022,1,0,700,12011
12012,65,0,0,100005,1,0,65,12012
12013,65,0,0,100006,1,0,65,12013
12014,65,0,0,100007,1,0,65,12014
12015,65,0,0,100040,1,0,65,12015
12016,65,0,0,100044,1,0,65,12016
12017,65,0,0,100058,1,0,65,12017
12018,65,0,0,100060,1,0,65,12018
12019,65,0,0,100088,1,0,65,12019
12020,65,0,0,100122,1,0,65,12020
12021,65,0,0,100140,1,0,65,12021
12022,65,0,0,100144,1,0,65,12022
12023,65,0,0,100146,1,0,65,12023
12024,65,0,0,100148,1,0,65,12024
12025,39,0,0,100027,1,0,39,12025
12026,39,0,0,100042,1,0,39,12026
12027,38,0,0,100048,1,0,38,12027
12028,39,0,0,100062,1,0,39,12028
12029,100,0,0,517,1,0,100,12029
20001,1500,0,0,513,1,0,1500,20001
20002,750,0,0,514,1,0,750,20002
20003,750,0,0,515,1,0,750,20003
20004,300,0,0,516,1,0,300,20004
20005,150,0,0,517,1,0,150,20005
20006,500,0,0,20002,1,0,500,20006
20007,500,0,0,20005,1,0,500,20007
20008,500,0,0,20008,1,0,500,20008
20009,500,0,0,20011,1,0,500,20009
20010,500,0,0,20014,1,0,500,20010
20011,500,0,0,20017,1,0,500,20011
20012,500,0,0,20020,1,0,500,20012
20013,500,0,0,20023,1,0,500,20013
20014,1800,0,1,2010,1,0,1800,20014
20015,500,0,1,2020,1,10,500,20015
20016,250,1,1,2030,1,100,250,20016
20100,112,0,0,100020,1,0,112,20100
20101,111,0,0,100021,1,0,111,20101
20102,111,0,0,100022,1,0,111,20102
20103,111,0,0,100023,1,0,111,20103
20104,111,0,0,100024,1,0,111,20104
20105,111,0,0,100025,1,0,111,20105
20106,111,0,0,100026,1,0,111,20106
20107,111,0,0,100074,1,0,111,20107
20108,111,0,0,100076,1,0,111,20108
20109,58,0,0,100000,1,0,58,20109
20110,58,0,0,100001,1,0,58,20110
20111,57,0,0,100002,1,0,57,20111
20112,57,0,0,100003,1,0,57,20112
20113,57,0,0,100004,1,0,57,20113
20114,57,0,0,100005,1,0,57,20114
20115,57,0,0,100006,1,0,57,20115
20116,57,0,0,100007,1,0,57,20116
20117,57,0,0,100040,1,0,57,20117
20118,57,0,0,100044,1,0,57,20118
20119,57,0,0,100058,1,0,57,20119
20120,57,0,0,100060,1,0,57,20120
20121,57,0,0,100088,1,0,57,20121
20122,57,0,0,100122,1,0,57,20122
20200,42,0,0,100064,1,0,42,20200
20201,42,0,0,100094,1,0,42,20201
20202,42,0,0,100096,1,0,42,20202
20203,42,0,0,100100,1,0,42,20203
20204,42,0,0,100118,1,0,42,20204
20205,42,0,0,100120,1,0,42,20205
20206,42,0,0,100124,1,0,42,20206
20207,42,0,0,100136,1,0,42,20207
20208,41,0,0,100138,1,0,41,20208
20209,41,0,0,100142,1,0,41,20209
20210,41,0,0,100150,1,0,41,20210
20211,41,0,0,100152,1,0,41,20211
20300,20,0,0,100028,1,0,20,20300
20301,20,0,0,100046,1,0,20,20301
20302,20,0,0,100066,1,0,20,20302
20303,20,0,0,100070,1,0,20,20303
20304,20,0,0,100090,1,0,20,20304
20305,20,0,0,100092,1,0,20,20305
20306,20,0,0,100098,1,0,20,20306
20307,20,0,0,100102,1,0,20,20307
20308,20,0,0,100104,1,0,20,20308
20309,20,0,0,100154,1,0,20,20309
20310,6,0,0,100008,1,0,6,20310
20311,6,0,0,100009,1,0,6,20311
20312,6,0,0,100029,1,0,6,20312
20313,6,0,0,100068,1,0,6,20313
20314,6,0,0,100072,1,0,6,20314
20315,5,0,0,100108,1,0,5,20315
20316,5,0,0,100128,1,0,5,20316
20317,5,0,0,100130,1,0,5,20317
20318,5,0,0,100156,1,0,5,20318
30001,1500,0,0,513,1,0,1500,30001
30002,750,0,0,514,1,0,750,30002
30003,750,0,0,515,1,0,750,30003
30004,300,0,0,516,1,0,300,30004
30005,150,0,0,517,1,0,150,30005
30006,500,0,0,20002,1,0,500,30006
30007,500,0,0,20005,1,0,500,30007
30008,500,0,0,20008,1,0,500,30008
30009,500,0,0,20011,1,0,500,30009
30010,500,0,0,20014,1,0,500,30010
30011,500,0,0,20017,1,0,500,30011
30012,500,0,0,20020,1,0,500,30012
30013,500,0,0,20023,1,0,500,30013
30014,150,0,0,100020,1,0,112,30014
30015,150,0,0,100021,1,0,111,30015
30016,150,0,0,100022,1,0,111,30016
30017,150,0,0,100023,1,0,111,30017
30018,150,0,0,100024,1,0,111,30018
30019,150,0,0,100025,1,0,111,30019
30020,150,0,0,100026,1,0,111,30020
30021,150,0,0,100074,1,0,111,30021
30022,150,0,0,100076,1,0,111,30022
30023,63,0,0,100000,1,0,58,30023
30024,63,0,0,100001,1,0,58,30024
30025,63,0,0,100002,1,0,57,30025
30026,63,0,0,100003,1,0,57,30026
30027,63,0,0,100004,1,0,57,30027
30028,63,0,0,100005,1,0,57,30028
30029,63,0,0,100006,1,0,57,30029
30030,63,0,0,100007,1,0,57,30030
30031,63,0,0,100040,1,0,57,30031
30032,63,0,0,100044,1,0,57,30032
30033,63,0,0,100058,1,0,57,30033
30034,63,0,0,100060,1,0,57,30034
30035,62,0,0,100088,1,0,57,30035
30036,62,0,0,100122,1,0,57,30036
30037,11,0,0,100064,1,0,50,30037
30038,11,0,0,100094,1,0,50,30038
30039,11,0,0,100096,1,0,50,30039
30040,11,0,0,100100,1,0,50,30040
30041,11,0,0,100118,1,0,50,30041
30042,11,0,0,100120,1,0,50,30042
30043,11,0,0,100124,1,0,50,30043
30044,11,0,0,100136,1,0,50,30044
30045,11,0,0,100138,1,0,50,30045
30046,11,0,0,100142,1,0,50,30046
30047,11,0,0,100150,1,0,50,30047
30048,10,0,0,100152,1,0,50,30048
30049,200,0,1,3010,1,10,200,30049
30100,16,0,0,100028,1,0,14,30100
30101,16,0,0,100046,1,0,14,30101
30102,16,0,0,100066,1,0,14,30102
30103,16,0,0,100070,1,0,14,30103
30104,16,0,0,100092,1,0,14,30104
30105,16,0,0,100098,1,0,13,30105
30106,16,0,0,100102,1,0,13,30106
30107,16,0,0,100104,1,0,13,30107
30108,11,0,0,100008,1,0,13,30108
30109,11,0,0,100009,1,0,13,30109
30110,11,0,0,100029,1,0,13,30110
30111,11,0,0,100068,1,0,13,30111
30112,11,0,0,100072,1,0,13,30112
30113,11,0,0,100108,1,0,13,30113
30114,11,0,0,100128,1,0,13,30114
30115,11,0,0,100156,1,0,13,30115
40001,1500,0,0,513,1,0,1500,40001
40002,750,0,0,514,1,0,750,40002
40003,750,0,0,515,1,0,750,40003
40004,300,0,0,516,1,0,300,40004
40005,150,0,0,517,1,0,150,40005
40006,500,0,0,20002,1,0,500,40006
40007,500,0,0,20005,1,0,500,40007
40008,500,0,0,20008,1,0,500,40008
40009,500,0,0,20011,1,0,500,40009
40010,500,0,0,20014,1,0,500,40010
40011,500,0,0,20017,1,0,500,40011
40012,500,0,0,20020,1,0,500,40012
40013,500,0,0,20023,1,0,500,40013
40014,2230,0,1,4010,1,0,1800,40014
40015,120,0,1,4020,1,10,550,40015
40016,200,0,1,4030,1,80,200,40016
40100,150,0,0,100020,1,0,112,40100
40101,150,0,0,100021,1,0,111,40101
40102,150,0,0,100022,1,0,111,40102
40103,150,0,0,100023,1,0,111,40103
40104,150,0,0,100024,1,0,111,40104
40105,150,0,0,100025,1,0,111,40105
40106,150,0,0,100026,1,0,111,40106
40107,150,0,0,100074,1,0,111,40107
40108,150,0,0,100076,1,0,111,40108
40109,63,0,0,100000,1,0,58,40109
40110,63,0,0,100001,1,0,58,40110
40111,63,0,0,100002,1,0,57,40111
40112,63,0,0,100003,1,0,57,40112
40113,63,0,0,100004,1,0,57,40113
40114,63,0,0,100005,1,0,57,40114
40115,63,0,0,100006,1,0,57,40115
40116,63,0,0,100007,1,0,57,40116
40117,63,0,0,100040,1,0,57,40117
40118,63,0,0,100044,1,0,57,40118
40119,63,0,0,100058,1,0,57,40119
40120,63,0,0,100060,1,0,57,40120
40121,62,0,0,100088,1,0,57,40121
40122,62,0,0,100122,1,0,57,40122
40200,11,0,0,100064,1,0,50,40200
40201,11,0,0,100094,1,0,50,40201
40202,11,0,0,100096,1,0,50,40202
40203,11,0,0,100100,1,0,50,40203
40204,11,0,0,100118,1,0,50,40204
40205,11,0,0,100120,1,0,50,40205
40206,11,0,0,100124,1,0,50,40206
40207,11,0,0,100136,1,0,50,40207
40208,11,0,0,100138,1,0,50,40208
40209,11,0,0,100142,1,0,50,40209
40210,11,0,0,100150,1,0,50,40210
40211,10,0,0,100152,1,0,50,40211
40300,5,0,0,100028,1,0,5,40300
40301,5,0,0,100046,1,0,5,40301
40302,5,0,0,100066,1,0,5,40302
40303,5,0,0,100070,1,0,5,40303
40304,5,0,0,100092,1,0,4,40304
40305,5,0,0,100098,1,0,4,40305
40306,5,0,0,100102,1,0,4,40306
40307,5,0,0,100104,1,0,4,40307
40308,4,0,0,100008,1,0,4,40308
40309,3,0,0,100009,1,0,4,40309
40310,3,0,0,100029,1,0,4,40310
40311,3,0,0,100068,1,0,4,40311
40312,3,0,0,100072,1,0,3,40312
40313,3,0,0,100108,1,0,3,40313
40314,3,0,0,100128,1,0,3,40314
40315,3,0,0,100156,1,0,3,40315
40316,140,0,1,4040,1,2,140,40316
40400,70,0,0,100106,1,0,70,40400
40401,70,0,0,100126,1,0,70,40401
50000,600,0,0,100028,1,0,600,50000
50001,600,0,0,100046,1,0,600,50001
50002,600,0,0,100066,1,0,600,50002
50003,600,0,0,100070,1,0,600,50003
50004,600,0,0,100092,1,0,600,50004
50005,600,0,0,100098,1,0,600,50005
50006,600,0,0,100102,1,0,600,50006
50007,625,0,0,100104,1,0,625,50007
50008,580,0,0,100008,1,0,580,50008
50009,580,0,0,100009,1,0,580,50009
50010,580,0,0,100029,1,0,580,50010
50011,580,0,0,100068,1,0,580,50011
50012,580,0,0,100072,1,0,580,50012
50013,580,0,0,100108,1,0,580,50013
50014,580,0,0,100128,1,0,580,50014
50015,580,0,0,100156,1,0,580,50015
50016,580,0,0,100106,1,0,580,50016
50017,580,0,0,100126,1,0,580,50017
60000,1,0,0,100052,1,8,1,60000
60001,1,0,0,100050,1,9,1,60001
60002,1,0,0,100000,1,10,1,60002
70000,1,0,0,100056,1,8,1,70000
70001,1,0,0,100022,1,9,1,70001
70002,1,0,0,100023,1,10,1,70002
80001,1500,0,0,513,1,0,1500,80001
80002,750,0,0,514,1,0,750,80002
80003,750,0,0,515,1,0,750,80003
80004,300,0,0,516,1,0,300,80004
80005,150,0,0,517,1,0,150,80005
80006,500,0,0,20002,1,0,500,80006
80007,500,0,0,20005,1,0,500,80007
80008,500,0,0,20008,1,0,500,80008
80009,500,0,0,20011,1,0,500,80009
80010,500,0,0,20014,1,0,500,80010
80011,500,0,0,20017,1,0,500,80011
80012,500,0,0,20020,1,0,500,80012
80013,500,0,0,20023,1,0,500,80013
80014,2230,0,1,8010,1,0,1800,80014
80015,120,0,1,8020,1,10,550,80015
80016,200,0,1,8030,1,80,200,80016
80100,150,0,0,100020,1,0,112,80100
80101,150,0,0,100021,1,0,111,80101
80102,150,0,0,100022,1,0,111,80102
80103,150,0,0,100023,1,0,111,80103
80104,150,0,0,100024,1,0,111,80104
80105,150,0,0,100025,1,0,111,80105
80106,150,0,0,100026,1,0,111,80106
80107,150,0,0,100074,1,0,111,80107
80108,150,0,0,100076,1,0,111,80108
80109,63,0,0,100000,1,0,58,80109
80110,63,0,0,100001,1,0,58,80110
80111,63,0,0,100002,1,0,57,80111
80112,63,0,0,100003,1,0,57,80112
80113,63,0,0,100004,1,0,57,80113
80114,63,0,0,100005,1,0,57,80114
80115,63,0,0,100006,1,0,57,80115
80116,63,0,0,100007,1,0,57,80116
80117,63,0,0,100040,1,0,57,80117
80118,63,0,0,100044,1,0,57,80118
80119,63,0,0,100058,1,0,57,80119
80120,63,0,0,100060,1,0,57,80120
80121,62,0,0,100088,1,0,57,80121
80122,62,0,0,100122,1,0,57,80122
80200,10,0,0,100064,1,0,46,80200
80201,10,0,0,100094,1,0,46,80201
80202,10,0,0,100096,1,0,46,80202
80203,10,0,0,100100,1,0,46,80203
80204,10,0,0,100118,1,0,46,80204
80205,10,0,0,100120,1,0,46,80205
80206,10,0,0,100124,1,0,46,80206
80207,10,0,0,100136,1,0,46,80207
80208,10,0,0,100138,1,0,46,80208
80209,10,0,0,100142,1,0,46,80209
80210,10,0,0,100150,1,0,45,80210
80211,10,0,0,100152,1,0,45,80211
80300,14,0,0,100028,1,0,12,80300
80301,14,0,0,100046,1,0,12,80301
80302,14,0,0,100066,1,0,12,80302
80303,14,0,0,100070,1,0,12,80303
80304,14,0,0,100092,1,0,12,80304
80305,14,0,0,100098,1,0,12,80305
80306,14,0,0,100102,1,0,12,80306
80307,14,0,0,100104,1,0,12,80307
80308,10,0,0,100008,1,0,12,80308
80309,10,0,0,100009,1,0,12,80309
80310,10,0,0,100029,1,0,12,80310
80311,10,0,0,100068,1,0,12,80311
80312,10,0,0,100072,1,0,12,80312
80313,10,0,0,100108,1,0,12,80313
80314,10,0,0,100128,1,0,11,80314
80315,9,0,0,100156,1,0,11,80315
80316,14,0,0,100106,1,0,11,80316
80317,9,0,0,100126,1,0,11,80317
90001,1500,0,0,513,1,0,1500,90001
90002,750,0,0,514,1,0,750,90002
90003,750,0,0,515,1,0,750,90003
90004,300,0,0,516,1,0,300,90004
90005,150,0,0,517,1,0,150,90005
90006,500,0,0,20002,1,0,500,90006
90007,500,0,0,20005,1,0,500,90007
90008,500,0,0,20008,1,0,500,90008
90009,500,0,0,20011,1,0,500,90009
90010,500,0,0,20014,1,0,500,90010
90011,500,0,0,20017,1,0,500,90011
90012,500,0,0,20020,1,0,500,90012
90013,500,0,0,20023,1,0,500,90013
90014,2230,0,1,9010,1,0,1800,90014
90015,120,0,1,9020,1,10,550,90015
90016,200,0,1,9030,1,80,200,40016
90100,150,0,0,100020,1,0,112,90100
90101,150,0,0,100021,1,0,111,90101
90102,150,0,0,100022,1,0,111,90102
90103,150,0,0,100023,1,0,111,90103
90104,150,0,0,100024,1,0,111,90104
90105,150,0,0,100025,1,0,111,90105
90106,150,0,0,100026,1,0,111,90106
90107,150,0,0,100074,1,0,111,90107
90108,150,0,0,100076,1,0,111,90108
90109,55,0,0,100000,1,0,50,90109
90110,55,0,0,100001,1,0,50,90110
90111,55,0,0,100002,1,0,50,90111
90112,55,0,0,100003,1,0,50,90112
90113,55,0,0,100004,1,0,50,90113
90114,55,0,0,100005,1,0,50,90114
90115,55,0,0,100006,1,0,50,90115
90116,55,0,0,100007,1,0,50,90116
90117,55,0,0,100040,1,0,50,90117
90118,55,0,0,100044,1,0,50,90118
90119,55,0,0,100058,1,0,50,90119
90120,55,0,0,100060,1,0,50,90120
90121,55,0,0,100088,1,0,50,90121
90122,55,0,0,100122,1,0,50,90122
90123,110,0,0,100170,1,0,100,90123
90200,10,0,0,100064,1,0,45,90200
90201,10,0,0,100094,1,0,45,90201
90202,10,0,0,100096,1,0,45,90202
90203,10,0,0,100100,1,0,45,90203
90204,10,0,0,100118,1,0,45,90204
90205,10,0,0,100120,1,0,45,90205
90206,10,0,0,100124,1,0,45,90206
90207,9,0,0,100136,1,0,45,90207
90208,9,0,0,100138,1,0,45,90208
90209,9,0,0,100142,1,0,45,90209
90210,9,0,0,100150,1,0,45,90210
90211,9,0,0,100152,1,0,45,90211
90212,15,0,0,100172,1,0,55,90212
90300,4,0,0,100028,1,0,4,90300
90301,4,0,0,100046,1,0,4,90301
90302,4,0,0,100066,1,0,4,90302
90303,4,0,0,100070,1,0,4,90303
90304,4,0,0,100092,1,0,4,90304
90305,4,0,0,100098,1,0,4,90305
90306,4,0,0,100102,1,0,4,90306
90307,4,0,0,100104,1,0,4,90307
90308,4,0,0,100008,1,0,4,90308
90309,4,0,0,100009,1,0,4,90309
90310,3,0,0,100029,1,0,3,90310
90311,3,0,0,100068,1,0,3,90311
90312,3,0,0,100072,1,0,3,90312
90313,3,0,0,100108,1,0,3,90313
90314,3,0,0,100128,1,0,3,90314
90315,3,0,0,100156,1,0,3,90315
90316,140,0,1,9040,1,2,140,40316
90317,3,0,0,100106,1,0,3,90317
90318,3,0,0,100126,1,0,3,90318
90400,70,0,0,100134,1,0,70,90400
90401,70,0,0,100154,1,0,70,90401
100000,2400,0,0,500,100,0,0,100000
100001,2400,0,0,500,200,0,0,100001
100002,2400,0,0,500,300,0,0,100002
100003,2400,0,0,500,400,0,0,100003
100004,400,0,0,500,2000,0,0,100004
300020,1000,0,0,20002,1,0,0,300020
300021,1000,0,0,20005,1,0,0,300021
300022,1000,0,0,20008,1,0,0,300022
300023,1000,0,0,20011,1,0,0,300023
300024,1000,0,0,20014,1,0,0,300024
300025,1000,0,0,20017,1,0,0,300025
300026,1000,0,0,20020,1,0,0,300026
300027,1000,0,0,20023,1,0,0,300027
300030,1000,0,0,20001,1,0,0,300030
300031,1000,0,0,20004,1,0,0,300031
300032,1000,0,0,20007,1,0,0,300032
300033,1000,0,0,20010,1,0,0,300033
300034,1000,0,0,20013,1,0,0,300034
300035,1000,0,0,20016,1,0,0,300035
300036,1000,0,0,20019,1,0,0,300036
300037,1000,0,0,20022,1,0,0,300037
300040,1000,0,0,20000,1,0,0,300040
300041,1000,0,0,20003,1,0,0,300041
300042,1000,0,0,20006,1,0,0,300042
300043,1000,0,0,20009,1,0,0,300043
300044,1000,0,0,20012,1,0,0,300044
300045,1000,0,0,20015,1,0,0,300045
300046,1000,0,0,20018,1,0,0,300046
300047,1000,0,0,20021,1,0,0,300047
300050,1000,0,0,20000,1,0,0,300050
300051,1000,0,0,20003,1,0,0,300051
300052,1000,0,0,20006,1,0,0,300052
300053,1000,0,0,20009,1,0,0,300053
300054,1000,0,0,20012,1,0,0,300054
300055,1000,0,0,20015,1,0,0,300055
300056,1000,0,0,20018,1,0,0,300056
300057,1000,0,0,20021,1,0,0,300057
300060,9000,0,0,525,30,0,0,300060
300061,900,0,0,525,300,0,0,300061
300062,100,0,0,510,1,0,0,300062
400000,2000,0,0,350000,1,0,0,400000
400001,2000,0,0,350004,1,0,0,400001
400002,2000,0,0,350005,1,0,0,400002
400003,2000,0,0,350007,1,0,0,400003
400004,2000,0,0,350008,1,0,0,400004
400005,2000,0,0,350009,1,0,0,400005
400006,2000,0,0,350015,1,0,0,400006
400007,2000,0,0,350016,1,0,0,400007
400008,2000,0,0,350017,1,0,0,400008
400009,2000,0,0,350018,1,0,0,400009
400010,2000,0,0,350019,1,0,0,400010
400011,2000,0,0,350021,1,0,0,400011
400012,2000,0,0,350022,1,0,0,400012
400100,2000,0,0,350001,1,0,0,400100
400101,2000,0,0,350004,1,0,0,400101
400102,2000,0,0,350005,1,0,0,400102
400103,2000,0,0,350007,1,0,0,400103
400104,2000,0,0,350008,1,0,0,400104
400105,2000,0,0,350009,1,0,0,400105
400106,2000,0,0,350015,1,0,0,400106
400107,2000,0,0,350016,1,0,0,400107
400108,2000,0,0,350017,1,0,0,400108
400109,2000,0,0,350018,1,0,0,400109
400110,2000,0,0,350019,1,0,0,400110
400111,2000,0,0,350021,1,0,0,400111
400112,2000,0,0,350022,1,0,0,400112
400200,2000,0,0,350002,1,0,0,400200
400201,2000,0,0,350004,1,0,0,400201
400202,2000,0,0,350005,1,0,0,400202
400203,2000,0,0,350007,1,0,0,400203
400204,2000,0,0,350008,1,0,0,400204
400205,2000,0,0,350009,1,0,0,400205
400206,2000,0,0,350015,1,0,0,400206
400207,2000,0,0,350016,1,0,0,400207
400208,2000,0,0,350017,1,0,0,400208
400209,2000,0,0,350018,1,0,0,400209
400210,2000,0,0,350019,1,0,0,400210
400211,2000,0,0,350021,1,0,0,400211
400212,2000,0,0,350022,1,0,0,400212
400300,2000,0,0,350003,1,0,0,400300
400301,2000,0,0,350004,1,0,0,400301
400302,2000,0,0,350005,1,0,0,400302
400303,2000,0,0,350007,1,0,0,400303
400304,2000,0,0,350008,1,0,0,400304
400305,2000,0,0,350009,1,0,0,400305
400306,2000,0,0,350015,1,0,0,400306
400307,2000,0,0,350016,1,0,0,400307
400308,2000,0,0,350017,1,0,0,400308
400309,2000,0,0,350018,1,0,0,400309
400310,2000,0,0,350019,1,0,0,400310
400311,2000,0,0,350021,1,0,0,400311
400312,2000,0,0,350022,1,0,0,400312
405200,2000,0,0,350003,1,0,0,405200
405201,2000,0,0,350004,1,0,0,405201
405202,2000,0,0,350005,1,0,0,405202
405203,2000,0,0,350007,1,0,0,405203
405204,2000,0,0,350008,1,0,0,405204
405205,2000,0,0,350009,1,0,0,405205
405206,2000,0,0,350015,1,0,0,405206
405207,2000,0,0,350016,1,0,0,405207
405208,2000,0,0,350017,1,0,0,405208
405209,2000,0,0,350018,1,0,0,405209
405210,2000,0,0,350019,1,0,0,405210
405211,2000,0,0,350020,1,0,0,405211
405212,2000,0,0,350021,1,0,0,405212
405213,2000,0,0,350022,1,0,0,405213
405214,2000,0,0,350023,1,0,0,405214
405215,2000,0,0,350025,1,0,0,405215
405216,2000,0,0,350026,1,0,0,405216
405217,2000,0,0,350027,1,0,0,405217
405218,2000,0,0,350028,1,0,0,405218
405219,2000,0,0,350029,1,0,0,405219
405220,2000,0,0,350125,1,0,0,405220
405221,2000,0,0,350130,1,0,0,405221
405300,2000,0,0,350001,1,0,0,405300
405301,2000,0,0,350004,1,0,0,405301
405302,2000,0,0,350005,1,0,0,405302
405303,2000,0,0,350007,1,0,0,405303
405304,2000,0,0,350008,1,0,0,405304
405305,2000,0,0,350009,1,0,0,405305
405306,2000,0,0,350015,1,0,0,405306
405307,2000,0,0,350016,1,0,0,405307
405308,2000,0,0,350017,1,0,0,405308
405309,2000,0,0,350018,1,0,0,405309
405310,2000,0,0,350019,1,0,0,405310
405311,2000,0,0,350021,1,0,0,405311
405312,2000,0,0,350022,1,0,0,405312
405313,2000,0,0,350023,1,0,0,405313
405314,2000,0,0,350024,1,0,0,405314
405315,2000,0,0,350025,1,0,0,405315
405316,2000,0,0,350026,1,0,0,405316
405317,2000,0,0,350027,1,0,0,405317
405318,2000,0,0,350028,1,0,0,405318
405319,2000,0,0,350029,1,0,0,405319
405320,2000,0,0,350112,1,0,0,405320
405321,2000,0,0,350116,1,0,0,405321
405400,2000,0,0,350000,1,0,0,405400
405401,2000,0,0,350004,1,0,0,405401
405402,2000,0,0,350005,1,0,0,405402
405403,2000,0,0,350007,1,0,0,405403
405404,2000,0,0,350008,1,0,0,405404
405405,2000,0,0,350009,1,0,0,405405
405406,2000,0,0,350010,1,0,0,405406
405407,2000,0,0,350014,1,0,0,405407
405408,2000,0,0,350016,1,0,0,405408
405409,2000,0,0,350017,1,0,0,405409
405410,2000,0,0,350018,1,0,0,405410
405411,2000,0,0,350019,1,0,0,405411
405412,2000,0,0,350020,1,0,0,405412
405413,2000,0,0,350021,1,0,0,405413
405414,2000,0,0,350022,1,0,0,405414
405415,2000,0,0,350023,1,0,0,405415
405416,2000,0,0,350024,1,0,0,405416
405417,2000,0,0,350026,1,0,0,405417
405418,2000,0,0,350027,1,0,0,405418
405419,2000,0,0,350028,1,0,0,405419
405420,2000,0,0,350110,1,0,0,405420
405421,2000,0,0,350120,1,0,0,405421
405500,2000,0,0,350002,1,0,0,405500
405501,2000,0,0,350004,1,0,0,405501
405502,2000,0,0,350005,1,0,0,405502
405503,2000,0,0,350007,1,0,0,405503
405504,2000,0,0,350008,1,0,0,405504
405505,2000,0,0,350009,1,0,0,405505
405506,2000,0,0,350014,1,0,0,405506
405507,2000,0,0,350016,1,0,0,405507
405508,2000,0,0,350017,1,0,0,405508
405509,2000,0,0,350018,1,0,0,405509
405510,2000,0,0,350019,1,0,0,405510
405511,2000,0,0,350020,1,0,0,405511
405512,2000,0,0,350021,1,0,0,405512
405513,2000,0,0,350024,1,0,0,405513
405514,2000,0,0,350025,1,0,0,405514
405515,2000,0,0,350022,1,0,0,405515
405516,2000,0,0,350026,1,0,0,405516
405517,2000,0,0,350027,1,0,0,405517
405518,2000,0,0,350028,1,0,0,405518
405519,2000,0,0,350029,1,0,0,405519
405520,2000,0,0,350101,1,0,0,405520
405521,2000,0,0,350113,1,0,0,405521
405600,2000,0,0,350003,1,0,0,405600
405601,2000,0,0,350004,1,0,0,405601
405602,2000,0,0,350005,1,0,0,405602
405603,2000,0,0,350007,1,0,0,405603
405604,2000,0,0,350008,1,0,0,405604
405605,2000,0,0,350009,1,0,0,405605
405606,2000,0,0,350014,1,0,0,405606
405607,2000,0,0,350016,1,0,0,405607
405608,2000,0,0,350017,1,0,0,405608
405609,2000,0,0,350018,1,0,0,405609
405610,2000,0,0,350019,1,0,0,405610
405611,2000,0,0,350020,1,0,0,405611
405612,2000,0,0,350021,1,0,0,405612
405613,2000,0,0,350022,1,0,0,405613
405614,2000,0,0,350023,1,0,0,405614
405615,2000,0,0,350024,1,0,0,405615
405616,2000,0,0,350026,1,0,0,405616
405617,2000,0,0,350027,1,0,0,405617
405618,2000,0,0,350028,1,0,0,405618
405619,2000,0,0,350029,1,0,0,405619
405620,2000,0,0,350033,1,0,0,405620
405621,2000,0,0,350110,1,0,0,405621
405700,2000,0,0,350001,1,0,0,405700
405701,2000,0,0,350004,1,0,0,405701
405702,2000,0,0,350005,1,0,0,405702
405703,2000,0,0,350007,1,0,0,405703
405704,2000,0,0,350008,1,0,0,405704
405705,2000,0,0,350009,1,0,0,405705
405706,2000,0,0,350011,1,0,0,405706
405707,2000,0,0,350016,1,0,0,405707
405708,2000,0,0,350017,1,0,0,405708
405709,2000,0,0,350018,1,0,0,405709
405710,2000,0,0,350019,1,0,0,405710
405711,2000,0,0,350020,1,0,0,405711
405712,2000,0,0,350021,1,0,0,405712
405713,2000,0,0,350022,1,0,0,405713
405714,2000,0,0,350024,1,0,0,405714
405715,2000,0,0,350025,1,0,0,405715
405716,2000,0,0,350026,1,0,0,405716
405717,2000,0,0,350027,1,0,0,405717
405718,2000,0,0,350028,1,0,0,405718
405719,2000,0,0,350029,1,0,0,405719
405720,2000,0,0,350100,1,0,0,405720
405721,2000,0,0,350113,1,0,0,405721
405800,2000,0,0,350002,1,0,0,405800
405801,2000,0,0,350004,1,0,0,405801
405802,2000,0,0,350005,1,0,0,405802
405803,2000,0,0,350007,1,0,0,405803
405804,2000,0,0,350008,1,0,0,405804
405805,2000,0,0,350009,1,0,0,405805
405806,2000,0,0,350016,1,0,0,405806
405807,2000,0,0,350017,1,0,0,405807
405808,2000,0,0,350018,1,0,0,405808
405809,2000,0,0,350019,1,0,0,405809
405810,2000,0,0,350021,1,0,0,405810
405811,2000,0,0,350022,1,0,0,405811
405812,2000,0,0,350024,1,0,0,405812
405813,2000,0,0,350025,1,0,0,405813
405814,2000,0,0,350026,1,0,0,405814
405815,2000,0,0,350027,1,0,0,405815
405816,2000,0,0,350028,1,0,0,405816
405817,2000,0,0,350029,1,0,0,405817
405818,2000,0,0,350030,1,0,0,405818
405819,2000,0,0,350107,1,0,0,405819
405820,2000,0,0,350124,1,0,0,405820
405821,2000,0,0,350135,1,0,0,405821
405900,2000,0,0,350000,1,0,0,405900
405901,2000,0,0,350004,1,0,0,405901
405902,2000,0,0,350005,1,0,0,405902
405903,2000,0,0,350007,1,0,0,405903
405904,2000,0,0,350008,1,0,0,405904
405905,2000,0,0,350009,1,0,0,405905
405906,2000,0,0,350016,1,0,0,405906
405907,2000,0,0,350017,1,0,0,405907
405908,2000,0,0,350018,1,0,0,405908
405909,2000,0,0,350019,1,0,0,405909
405910,2000,0,0,350021,1,0,0,405910
405911,2000,0,0,350022,1,0,0,405911
405912,2000,0,0,350024,1,0,0,405912
405913,2000,0,0,350025,1,0,0,405913
405914,2000,0,0,350026,1,0,0,405914
405915,2000,0,0,350027,1,0,0,405915
405916,2000,0,0,350028,1,0,0,405916
405917,2000,0,0,350029,1,0,0,405917
405918,2000,0,0,350031,1,0,0,405918
405919,2000,0,0,350102,1,0,0,405919
405920,2000,0,0,350113,1,0,0,405920
405921,2000,0,0,350116,1,0,0,405921
406000,2000,0,0,350002,1,0,0,406000
406001,2000,0,0,350004,1,0,0,406001
406002,2000,0,0,350005,1,0,0,406002
406003,2000,0,0,350007,1,0,0,406003
406004,2000,0,0,350008,1,0,0,406004
406005,2000,0,0,350009,1,0,0,406005
406006,2000,0,0,350013,1,0,0,406006
406007,2000,0,0,350016,1,0,0,406007
406008,2000,0,0,350017,1,0,0,406008
406009,2000,0,0,350018,1,0,0,406009
406010,2000,0,0,350019,1,0,0,406010
406011,2000,0,0,350020,1,0,0,406011
406012,2000,0,0,350021,1,0,0,406012
406013,2000,0,0,350022,1,0,0,406013
406014,2000,0,0,350023,1,0,0,406014
406015,2000,0,0,350024,1,0,0,406015
406016,2000,0,0,350026,1,0,0,406016
406017,2000,0,0,350027,1,0,0,406017
406018,2000,0,0,350028,1,0,0,406018
406019,2000,0,0,350029,1,0,0,406019
406020,2000,0,0,350127,1,0,0,406020
406021,2000,0,0,350130,1,0,0,406021
406100,2000,0,0,350003,1,0,0,406100
406101,2000,0,0,350004,1,0,0,406101
406102,2000,0,0,350005,1,0,0,406102
406103,2000,0,0,350007,1,0,0,406103
406104,2000,0,0,350008,1,0,0,406104
406105,2000,0,0,350009,1,0,0,406105
406106,2000,0,0,350015,1,0,0,406106
406107,2000,0,0,350016,1,0,0,406107
406108,2000,0,0,350017,1,0,0,406108
406109,2000,0,0,350018,1,0,0,406109
406110,2000,0,0,350020,1,0,0,406110
406111,2000,0,0,350021,1,0,0,406111
406112,2000,0,0,350022,1,0,0,406112
406113,2000,0,0,350023,1,0,0,406113
406114,2000,0,0,350025,1,0,0,406114
406115,2000,0,0,350026,1,0,0,406115
406116,2000,0,0,350027,1,0,0,406116
406117,2000,0,0,350028,1,0,0,406117
406118,2000,0,0,350029,1,0,0,406118
406119,2000,0,0,350031,1,0,0,406119
406120,2000,0,0,350112,1,0,0,406120
406121,2000,0,0,350122,1,0,0,406121
406200,2000,0,0,350003,1,0,0,406200
406201,2000,0,0,350004,1,0,0,406201
406202,2000,0,0,350005,1,0,0,406202
406203,2000,0,0,350007,1,0,0,406203
406204,2000,0,0,350008,1,0,0,406204
406205,2000,0,0,350009,1,0,0,406205
406206,2000,0,0,350014,1,0,0,406206
406207,2000,0,0,350016,1,0,0,406207
406208,2000,0,0,350017,1,0,0,406208
406209,2000,0,0,350018,1,0,0,406209
406210,2000,0,0,350019,1,0,0,406210
406211,2000,0,0,350021,1,0,0,406211
406212,2000,0,0,350022,1,0,0,406212
406213,2000,0,0,350023,1,0,0,406213
406214,2000,0,0,350024,1,0,0,406214
406215,2000,0,0,350027,1,0,0,406215
406216,2000,0,0,350028,1,0,0,406216
406217,2000,0,0,350029,1,0,0,406217
406218,2000,0,0,350030,1,0,0,406218
406219,2000,0,0,350032,1,0,0,406219
406220,2000,0,0,350107,1,0,0,406220
406221,2000,0,0,350139,1,0,0,406221
406300,2000,0,0,350000,1,0,0,406300
406301,2000,0,0,350004,1,0,0,406301
406302,2000,0,0,350005,1,0,0,406302
406303,2000,0,0,350007,1,0,0,406303
406304,2000,0,0,350008,1,0,0,406304
406305,2000,0,0,350009,1,0,0,406305
406306,2000,0,0,350013,1,0,0,406306
406307,2000,0,0,350015,1,0,0,406307
406308,2000,0,0,350016,1,0,0,406308
406309,2000,0,0,350017,1,0,0,406309
406310,2000,0,0,350018,1,0,0,406310
406311,2000,0,0,350020,1,0,0,406311
406312,2000,0,0,350021,1,0,0,406312
406313,2000,0,0,350022,1,0,0,406313
406314,2000,0,0,350023,1,0,0,406314
406315,2000,0,0,350024,1,0,0,406315
406316,2000,0,0,350026,1,0,0,406316
406317,2000,0,0,350027,1,0,0,406317
406318,2000,0,0,350028,1,0,0,406318
406319,2000,0,0,350029,1,0,0,406319
406320,2000,0,0,350127,1,0,0,406320
406321,2000,0,0,350130,1,0,0,406321
406400,2000,0,0,350000,1,0,0,406400
406401,2000,0,0,350003,1,0,0,406401
406402,2000,0,0,350004,1,0,0,406402
406403,2000,0,0,350005,1,0,0,406403
406404,2000,0,0,350007,1,0,0,406404
406405,2000,0,0,350008,1,0,0,406405
406406,2000,0,0,350009,1,0,0,406406
406407,2000,0,0,350014,1,0,0,406407
406408,2000,0,0,350015,1,0,0,406408
406409,2000,0,0,350016,1,0,0,406409
406410,2000,0,0,350017,1,0,0,406410
406411,2000,0,0,350018,1,0,0,406411
406412,2000,0,0,350021,1,0,0,406412
406413,2000,0,0,350022,1,0,0,406413
406414,2000,0,0,350024,1,0,0,406414
406415,2000,0,0,350025,1,0,0,406415
406416,2000,0,0,350026,1,0,0,406416
406417,2000,0,0,350027,1,0,0,406417
406418,2000,0,0,350028,1,0,0,406418
406419,2000,0,0,350029,1,0,0,406419
406420,2000,0,0,350102,1,0,0,406420
406421,2000,0,0,350137,1,0,0,406421
406500,2000,0,0,350001,1,0,0,406500
406501,2000,0,0,350004,1,0,0,406501
406502,2000,0,0,350005,1,0,0,406502
406503,2000,0,0,350007,1,0,0,406503
406504,2000,0,0,350008,1,0,0,406504
406505,2000,0,0,350009,1,0,0,406505
406506,2000,0,0,350013,1,0,0,406506
406507,2000,0,0,350015,1,0,0,406507
406508,2000,0,0,350016,1,0,0,406508
406509,2000,0,0,350017,1,0,0,406509
406510,2000,0,0,350018,1,0,0,406510
406511,2000,0,0,350021,1,0,0,406511
406512,2000,0,0,350022,1,0,0,406512
406513,2000,0,0,350023,1,0,0,406513
406514,2000,0,0,350025,1,0,0,406514
406515,2000,0,0,350026,1,0,0,406515
406516,2000,0,0,350027,1,0,0,406516
406517,2000,0,0,350028,1,0,0,406517
406518,2000,0,0,350029,1,0,0,406518
406519,2000,0,0,350100,1,0,0,406519
406520,2000,0,0,350123,1,0,0,406520
406521,2000,0,0,350127,1,0,0,406521
406600,2000,0,0,350002,1,0,0,406600
406601,2000,0,0,350004,1,0,0,406601
406602,2000,0,0,350005,1,0,0,406602
406603,2000,0,0,350007,1,0,0,406603
406604,2000,0,0,350008,1,0,0,406604
406605,2000,0,0,350009,1,0,0,406605
406606,2000,0,0,350013,1,0,0,406606
406607,2000,0,0,350015,1,0,0,406607
406608,2000,0,0,350016,1,0,0,406608
406609,2000,0,0,350017,1,0,0,406609
406610,2000,0,0,350018,1,0,0,406610
406611,2000,0,0,350020,1,0,0,406611
406612,2000,0,0,350021,1,0,0,406612
406613,2000,0,0,350022,1,0,0,406613
406614,2000,0,0,350023,1,0,0,406614
406615,2000,0,0,350025,1,0,0,406615
406616,2000,0,0,350026,1,0,0,406616
406617,2000,0,0,350027,1,0,0,406617
406618,2000,0,0,350028,1,0,0,406618
406619,2000,0,0,350029,1,0,0,406619
406620,2000,0,0,350112,1,0,0,406620
406621,2000,0,0,350130,1,0,0,406621
406700,2000,0,0,350003,1,0,0,406700
406701,2000,0,0,350004,1,0,0,406701
406702,2000,0,0,350005,1,0,0,406702
406703,2000,0,0,350007,1,0,0,406703
406704,2000,0,0,350008,1,0,0,406704
406705,2000,0,0,350009,1,0,0,406705
406706,2000,0,0,350016,1,0,0,406706
406707,2000,0,0,350017,1,0,0,406707
406708,2000,0,0,350018,1,0,0,406708
406709,2000,0,0,350019,1,0,0,406709
406710,2000,0,0,350021,1,0,0,406710
406711,2000,0,0,350022,1,0,0,406711
406712,2000,0,0,350024,1,0,0,406712
406713,2000,0,0,350025,1,0,0,406713
406714,2000,0,0,350026,1,0,0,406714
406715,2000,0,0,350027,1,0,0,406715
406716,2000,0,0,350028,1,0,0,406716
406717,2000,0,0,350029,1,0,0,406717
406718,2000,0,0,350030,1,0,0,406718
406719,2000,0,0,350031,1,0,0,406719
406720,2000,0,0,350113,1,0,0,406720
406721,2000,0,0,350125,1,0,0,406721
406800,2000,0,0,350003,1,0,0,406800
406801,2000,0,0,350004,1,0,0,406801
406802,2000,0,0,350005,1,0,0,406802
406803,2000,0,0,350007,1,0,0,406803
406804,2000,0,0,350008,1,0,0,406804
406805,2000,0,0,350009,1,0,0,406805
406806,2000,0,0,350014,1,0,0,406806
406807,2000,0,0,350015,1,0,0,406807
406808,2000,0,0,350016,1,0,0,406808
406809,2000,0,0,350017,1,0,0,406809
406810,2000,0,0,350018,1,0,0,406810
406811,2000,0,0,350019,1,0,0,406811
406812,2000,0,0,350021,1,0,0,406812
406813,2000,0,0,350022,1,0,0,406813
406814,2000,0,0,350023,1,0,0,406814
406815,2000,0,0,350024,1,0,0,406815
406816,2000,0,0,350026,1,0,0,406816
406817,2000,0,0,350027,1,0,0,406817
406818,2000,0,0,350028,1,0,0,406818
406819,2000,0,0,350029,1,0,0,406819
406820,2000,0,0,350113,1,0,0,406820
406821,2000,0,0,350116,1,0,0,406821
406900,2000,0,0,350002,1,0,0,406900
406901,2000,0,0,350004,1,0,0,406901
406902,2000,0,0,350005,1,0,0,406902
406903,2000,0,0,350007,1,0,0,406903
406904,2000,0,0,350008,1,0,0,406904
406905,2000,0,0,350009,1,0,0,406905
406906,2000,0,0,350014,1,0,0,406906
406907,2000,0,0,350015,1,0,0,406907
406908,2000,0,0,350016,1,0,0,406908
406909,2000,0,0,350017,1,0,0,406909
406910,2000,0,0,350018,1,0,0,406910
406911,2000,0,0,350021,1,0,0,406911
406912,2000,0,0,350022,1,0,0,406912
406913,2000,0,0,350023,1,0,0,406913
406914,2000,0,0,350024,1,0,0,406914
406915,2000,0,0,350025,1,0,0,406915
406916,2000,0,0,350026,1,0,0,406916
406917,2000,0,0,350027,1,0,0,406917
406918,2000,0,0,350028,1,0,0,406918
406919,2000,0,0,350113,1,0,0,406919
406920,2000,0,0,350116,1,0,0,406920
406921,2000,0,0,350134,1,0,0,406921
407000,2000,0,0,350000,1,0,0,407000
407001,2000,0,0,350004,1,0,0,407001
407002,2000,0,0,350005,1,0,0,407002
407003,2000,0,0,350007,1,0,0,407003
407004,2000,0,0,350008,1,0,0,407004
407005,2000,0,0,350009,1,0,0,407005
407006,2000,0,0,350016,1,0,0,407006
407007,2000,0,0,350017,1,0,0,407007
407008,2000,0,0,350018,1,0,0,407008
407009,2000,0,0,350019,1,0,0,407009
407010,2000,0,0,350021,1,0,0,407010
407011,2000,0,0,350022,1,0,0,407011
407012,2000,0,0,350024,1,0,0,407012
407013,2000,0,0,350025,1,0,0,407013
407014,2000,0,0,350026,1,0,0,407014
407015,2000,0,0,350027,1,0,0,407015
407016,2000,0,0,350028,1,0,0,407016
407017,2000,0,0,350031,1,0,0,407017
407018,2000,0,0,350034,1,0,0,407018
407019,2000,0,0,350113,1,0,0,407019
407020,2000,0,0,350116,1,0,0,407020
407021,2000,0,0,350136,1,0,0,407021
407100,2000,0,0,350002,1,0,0,407100
407101,2000,0,0,350004,1,0,0,407101
407102,2000,0,0,350005,1,0,0,407102
407103,2000,0,0,350007,1,0,0,407103
407104,2000,0,0,350008,1,0,0,407104
407105,2000,0,0,350009,1,0,0,407105
407106,2000,0,0,350015,1,0,0,407106
407107,2000,0,0,350016,1,0,0,407107
407108,2000,0,0,350017,1,0,0,407108
407109,2000,0,0,350018,1,0,0,407109
407110,2000,0,0,350019,1,0,0,407110
407111,2000,0,0,350021,1,0,0,407111
407112,2000,0,0,350022,1,0,0,407112
407113,2000,0,0,350024,1,0,0,407113
407114,2000,0,0,350025,1,0,0,407114
407115,2000,0,0,350026,1,0,0,407115
407116,2000,0,0,350027,1,0,0,407116
407117,2000,0,0,350028,1,0,0,407117
407118,2000,0,0,350029,1,0,0,407118
407119,2000,0,0,350030,1,0,0,407119
407120,2000,0,0,350104,1,0,0,407120
407121,2000,0,0,350116,1,0,0,407121
407200,2000,0,0,350000,1,0,0,407200
407201,2000,0,0,350004,1,0,0,407201
407202,2000,0,0,350005,1,0,0,407202
407203,2000,0,0,350007,1,0,0,407203
407204,2000,0,0,350008,1,0,0,407204
407205,2000,0,0,350009,1,0,0,407205
407206,2000,0,0,350015,1,0,0,407206
407207,2000,0,0,350016,1,0,0,407207
407208,2000,0,0,350017,1,0,0,407208
407209,2000,0,0,350018,1,0,0,407209
407210,2000,0,0,350020,1,0,0,407210
407211,2000,0,0,350021,1,0,0,407211
407212,2000,0,0,350022,1,0,0,407212
407213,2000,0,0,350023,1,0,0,407213
407214,2000,0,0,350026,1,0,0,407214
407215,2000,0,0,350027,1,0,0,407215
407216,2000,0,0,350028,1,0,0,407216
407217,2000,0,0,350118,1,0,0,407217
407218,2000,0,0,350126,1,0,0,407218
407300,2000,0,0,350003,1,0,0,407300
407301,2000,0,0,350004,1,0,0,407301
407302,2000,0,0,350005,1,0,0,407302
407303,2000,0,0,350007,1,0,0,407303
407304,2000,0,0,350008,1,0,0,407304
407305,2000,0,0,350009,1,0,0,407305
407306,2000,0,0,350015,1,0,0,407306
407307,2000,0,0,350016,1,0,0,407307
407308,2000,0,0,350017,1,0,0,407308
407309,2000,0,0,350018,1,0,0,407309
407310,2000,0,0,350020,1,0,0,407310
407311,2000,0,0,350021,1,0,0,407311
407312,2000,0,0,350022,1,0,0,407312
407313,2000,0,0,350023,1,0,0,407313
407314,2000,0,0,350024,1,0,0,407314
407315,2000,0,0,350026,1,0,0,407315
407316,2000,0,0,350027,1,0,0,407316
407317,2000,0,0,350028,1,0,0,407317
407318,2000,0,0,350110,1,0,0,407318
407319,2000,0,0,350126,1,0,0,407319
407400,2000,0,0,350001,1,0,0,407400
407401,2000,0,0,350002,1,0,0,407401
407402,2000,0,0,350004,1,0,0,407402
407403,2000,0,0,350005,1,0,0,407403
407404,2000,0,0,350007,1,0,0,407404
407405,2000,0,0,350008,1,0,0,407405
407406,2000,0,0,350009,1,0,0,407406
407407,2000,0,0,350015,1,0,0,407407
407408,2000,0,0,350016,1,0,0,407408
407409,2000,0,0,350017,1,0,0,407409
407410,2000,0,0,350018,1,0,0,407410
407411,2000,0,0,350021,1,0,0,407411
407412,2000,0,0,350022,1,0,0,407412
407413,2000,0,0,350024,1,0,0,407413
407414,2000,0,0,350025,1,0,0,407414
407415,2000,0,0,350027,1,0,0,407415
407416,2000,0,0,350030,1,0,0,407416
407417,2000,0,0,350104,1,0,0,407417
407418,2000,0,0,350113,1,0,0,407418
407419,2000,0,0,350126,1,0,0,407419
407500,2000,0,0,350001,1,0,0,407500
407501,2000,0,0,350003,1,0,0,407501
407502,2000,0,0,350004,1,0,0,407502
407503,2000,0,0,350005,1,0,0,407503
407504,2000,0,0,350007,1,0,0,407504
407505,2000,0,0,350008,1,0,0,407505
407506,2000,0,0,350009,1,0,0,407506
407507,2000,0,0,350015,1,0,0,407507
407508,2000,0,0,350016,1,0,0,407508
407509,2000,0,0,350017,1,0,0,407509
407510,2000,0,0,350018,1,0,0,407510
407511,2000,0,0,350021,1,0,0,407511
407512,2000,0,0,350022,1,0,0,407512
407513,2000,0,0,350024,1,0,0,407513
407514,2000,0,0,350025,1,0,0,407514
407515,2000,0,0,350027,1,0,0,407515
407516,2000,0,0,350030,1,0,0,407516
407517,2000,0,0,350105,1,0,0,407517
407518,2000,0,0,350113,1,0,0,407518
407519,2000,0,0,350129,1,0,0,407519
407600,2000,0,0,350002,1,0,0,407600
407601,2000,0,0,350003,1,0,0,407601
407602,2000,0,0,350004,1,0,0,407602
407603,2000,0,0,350005,1,0,0,407603
407604,2000,0,0,350007,1,0,0,407604
407605,2000,0,0,350008,1,0,0,407605
407606,2000,0,0,350009,1,0,0,407606
407607,2000,0,0,350015,1,0,0,407607
407608,2000,0,0,350016,1,0,0,407608
407609,2000,0,0,350017,1,0,0,407609
407610,2000,0,0,350018,1,0,0,407610
407611,2000,0,0,350021,1,0,0,407611
407612,2000,0,0,350022,1,0,0,407612
407613,2000,0,0,350024,1,0,0,407613
407614,2000,0,0,350025,1,0,0,407614
407615,2000,0,0,350027,1,0,0,407615
407616,2000,0,0,350030,1,0,0,407616
407617,2000,0,0,350107,1,0,0,407617
407618,2000,0,0,350113,1,0,0,407618
407700,2000,0,0,350001,1,0,0,407700
407701,2000,0,0,350002,1,0,0,407701
407702,2000,0,0,350004,1,0,0,407702
407703,2000,0,0,350005,1,0,0,407703
407704,2000,0,0,350007,1,0,0,407704
407705,2000,0,0,350008,1,0,0,407705
407706,2000,0,0,350009,1,0,0,407706
407707,2000,0,0,350015,1,0,0,407707
407708,2000,0,0,350016,1,0,0,407708
407709,2000,0,0,350017,1,0,0,407709
407710,2000,0,0,350018,1,0,0,407710
407711,2000,0,0,350021,1,0,0,407711
407712,2000,0,0,350022,1,0,0,407712
407713,2000,0,0,350024,1,0,0,407713
407714,2000,0,0,350025,1,0,0,407714
407715,2000,0,0,350027,1,0,0,407715
407716,2000,0,0,350030,1,0,0,407716
407717,2000,0,0,350113,1,0,0,407717
407718,2000,0,0,350116,1,0,0,407718
407800,2000,0,0,350001,1,0,0,407800
407801,2000,0,0,350004,1,0,0,407801
407802,2000,0,0,350005,1,0,0,407802
407803,2000,0,0,350007,1,0,0,407803
407804,2000,0,0,350008,1,0,0,407804
407805,2000,0,0,350009,1,0,0,407805
407806,2000,0,0,350015,1,0,0,407806
407807,2000,0,0,350016,1,0,0,407807
407808,2000,0,0,350017,1,0,0,407808
407809,2000,0,0,350018,1,0,0,407809
407810,2000,0,0,350021,1,0,0,407810
407811,2000,0,0,350022,1,0,0,407811
407812,2000,0,0,350025,1,0,0,407812
407813,2000,0,0,350026,1,0,0,407813
407814,2000,0,0,350027,1,0,0,407814
407815,2000,0,0,350028,1,0,0,407815
407816,2000,0,0,350029,1,0,0,407816
407817,2000,0,0,350105,1,0,0,407817
407818,2000,0,0,350115,1,0,0,407818
407900,2000,0,0,350003,1,0,0,407900
407901,2000,0,0,350000,1,0,0,407901
407902,2000,0,0,350004,1,0,0,407902
407903,2000,0,0,350005,1,0,0,407903
407904,2000,0,0,350007,1,0,0,407904
407905,2000,0,0,350008,1,0,0,407905
407906,2000,0,0,350009,1,0,0,407906
407907,2000,0,0,350015,1,0,0,407907
407908,2000,0,0,350016,1,0,0,407908
407909,2000,0,0,350017,1,0,0,407909
407910,2000,0,0,350018,1,0,0,407910
407911,2000,0,0,350021,1,0,0,407911
407912,2000,0,0,350022,1,0,0,407912
407913,2000,0,0,350024,1,0,0,407913
407914,2000,0,0,350025,1,0,0,407914
407915,2000,0,0,350027,1,0,0,407915
407916,2000,0,0,350030,1,0,0,407916
407917,2000,0,0,350102,1,0,0,407917
407918,2000,0,0,350113,1,0,0,407918
408000,2000,0,0,350001,1,0,0,408000
408001,2000,0,0,350004,1,0,0,408001
408002,2000,0,0,350005,1,0,0,408002
408003,2000,0,0,350007,1,0,0,408003
408004,2000,0,0,350008,1,0,0,408004
408005,2000,0,0,350009,1,0,0,408005
408006,2000,0,0,350015,1,0,0,408006
408007,2000,0,0,350016,1,0,0,408007
408008,2000,0,0,350017,1,0,0,408008
408009,2000,0,0,350018,1,0,0,408009
408010,2000,0,0,350021,1,0,0,408010
408011,2000,0,0,350022,1,0,0,408011
408012,2000,0,0,350025,1,0,0,408012
408013,2000,0,0,350026,1,0,0,408013
408014,2000,0,0,350027,1,0,0,408014
408015,2000,0,0,350028,1,0,0,408015
408016,2000,0,0,350029,1,0,0,408016
408017,2000,0,0,350031,1,0,0,408017
408018,2000,0,0,350115,1,0,0,408018
408100,2000,0,0,350003,1,0,0,408100
408101,2000,0,0,350004,1,0,0,408101
408102,2000,0,0,350005,1,0,0,408102
408103,2000,0,0,350007,1,0,0,408103
408104,2000,0,0,350008,1,0,0,408104
408105,2000,0,0,350009,1,0,0,408105
408106,2000,0,0,350015,1,0,0,408106
408107,2000,0,0,350016,1,0,0,408107
408108,2000,0,0,350017,1,0,0,408108
408109,2000,0,0,350018,1,0,0,408109
408110,2000,0,0,350021,1,0,0,408110
408111,2000,0,0,350022,1,0,0,408111
408112,2000,0,0,350024,1,0,0,408112
408113,2000,0,0,350026,1,0,0,408113
408114,2000,0,0,350027,1,0,0,408114
408115,2000,0,0,350028,1,0,0,408115
408116,2000,0,0,350029,1,0,0,408116
408117,2000,0,0,350030,1,0,0,408117
408118,2000,0,0,350032,1,0,0,408118
408200,2000,0,0,350000,1,0,0,408200
408201,2000,0,0,350004,1,0,0,408201
408202,2000,0,0,350005,1,0,0,408202
408203,2000,0,0,350007,1,0,0,408203
408204,2000,0,0,350008,1,0,0,408204
408205,2000,0,0,350009,1,0,0,408205
408206,2000,0,0,350015,1,0,0,408206
408207,2000,0,0,350016,1,0,0,408207
408208,2000,0,0,350017,1,0,0,408208
408209,2000,0,0,350018,1,0,0,408209
408210,2000,0,0,350021,1,0,0,408210
408211,2000,0,0,350022,1,0,0,408211
408212,2000,0,0,350024,1,0,0,408212
408213,2000,0,0,350026,1,0,0,408213
408214,2000,0,0,350027,1,0,0,408214
408215,2000,0,0,350028,1,0,0,408215
408216,2000,0,0,350029,1,0,0,408216
408217,2000,0,0,350113,1,0,0,408217
408218,2000,0,0,350128,1,0,0,408218
408300,2000,0,0,350002,1,0,0,408300
408301,2000,0,0,350000,1,0,0,408301
408302,2000,0,0,350004,1,0,0,408302
408303,2000,0,0,350005,1,0,0,408303
408304,2000,0,0,350007,1,0,0,408304
408305,2000,0,0,350008,1,0,0,408305
408306,2000,0,0,350009,1,0,0,408306
408307,2000,0,0,350013,1,0,0,408307
408308,2000,0,0,350015,1,0,0,408308
408309,2000,0,0,350016,1,0,0,408309
408310,2000,0,0,350017,1,0,0,408310
408311,2000,0,0,350018,1,0,0,408311
408312,2000,0,0,350020,1,0,0,408312
408313,2000,0,0,350021,1,0,0,408313
408314,2000,0,0,350022,1,0,0,408314
408315,2000,0,0,350024,1,0,0,408315
408316,2000,0,0,350027,1,0,0,408316
408317,2000,0,0,350028,1,0,0,408317
408318,2000,0,0,350029,1,0,0,408318
408319,2000,0,0,350030,1,0,0,408319
408320,2000,0,0,350101,1,0,0,408320
408321,2000,0,0,350113,1,0,0,408321
408400,2000,0,0,350000,1,0,0,408400
408401,2000,0,0,350004,1,0,0,408401
408402,2000,0,0,350005,1,0,0,408402
408403,2000,0,0,350007,1,0,0,408403
408404,2000,0,0,350008,1,0,0,408404
408405,2000,0,0,350009,1,0,0,408405
408406,2000,0,0,350015,1,0,0,408406
408407,2000,0,0,350016,1,0,0,408407
408408,2000,0,0,350017,1,0,0,408408
408409,2000,0,0,350018,1,0,0,408409
408410,2000,0,0,350021,1,0,0,408410
408411,2000,0,0,350022,1,0,0,408411
408412,2000,0,0,350025,1,0,0,408412
408413,2000,0,0,350026,1,0,0,408413
408414,2000,0,0,350027,1,0,0,408414
408415,2000,0,0,350028,1,0,0,408415
408416,2000,0,0,350029,1,0,0,408416
408417,2000,0,0,350031,1,0,0,408417
408418,2000,0,0,350116,1,0,0,408418
408500,2000,0,0,350002,1,0,0,408500
408501,2000,0,0,350004,1,0,0,408501
408502,2000,0,0,350005,1,0,0,408502
408503,2000,0,0,350007,1,0,0,408503
408504,2000,0,0,350008,1,0,0,408504
408505,2000,0,0,350009,1,0,0,408505
408506,2000,0,0,350015,1,0,0,408506
408507,2000,0,0,350016,1,0,0,408507
408508,2000,0,0,350017,1,0,0,408508
408509,2000,0,0,350018,1,0,0,408509
408510,2000,0,0,350020,1,0,0,408510
408511,2000,0,0,350021,1,0,0,408511
408512,2000,0,0,350022,1,0,0,408512
408513,2000,0,0,350025,1,0,0,408513
408514,2000,0,0,350026,1,0,0,408514
408515,2000,0,0,350027,1,0,0,408515
408516,2000,0,0,350028,1,0,0,408516
408517,2000,0,0,350029,1,0,0,408517
408518,2000,0,0,350116,1,0,0,408518
408600,2000,0,0,350002,1,0,0,408600
408601,2000,0,0,350004,1,0,0,408601
408602,2000,0,0,350005,1,0,0,408602
408603,2000,0,0,350007,1,0,0,408603
408604,2000,0,0,350008,1,0,0,408604
408605,2000,0,0,350009,1,0,0,408605
408606,2000,0,0,350015,1,0,0,408606
408607,2000,0,0,350016,1,0,0,408607
408608,2000,0,0,350017,1,0,0,408608
408609,2000,0,0,350018,1,0,0,408609
408610,2000,0,0,350021,1,0,0,408610
408611,2000,0,0,350022,1,0,0,408611
408612,2000,0,0,350025,1,0,0,408612
408613,2000,0,0,350026,1,0,0,408613
408614,2000,0,0,350027,1,0,0,408614
408615,2000,0,0,350028,1,0,0,408615
408616,2000,0,0,350029,1,0,0,408616
408617,2000,0,0,350030,1,0,0,408617
408618,2000,0,0,350129,1,0,0,408618
408700,2000,0,0,350003,1,0,0,408700
408701,2000,0,0,350004,1,0,0,408701
408702,2000,0,0,350005,1,0,0,408702
408703,2000,0,0,350007,1,0,0,408703
408704,2000,0,0,350008,1,0,0,408704
408705,2000,0,0,350009,1,0,0,408705
408706,2000,0,0,350015,1,0,0,408706
408707,2000,0,0,350016,1,0,0,408707
408708,2000,0,0,350017,1,0,0,408708
408709,2000,0,0,350018,1,0,0,408709
408710,2000,0,0,350021,1,0,0,408710
408711,2000,0,0,350022,1,0,0,408711
408712,2000,0,0,350026,1,0,0,408712
408713,2000,0,0,350027,1,0,0,408713
408714,2000,0,0,350028,1,0,0,408714
408715,2000,0,0,350029,1,0,0,408715
408716,2000,0,0,350114,1,0,0,408716
408800,2000,0,0,350003,1,0,0,408800
408801,2000,0,0,350004,1,0,0,408801
408802,2000,0,0,350005,1,0,0,408802
408803,2000,0,0,350007,1,0,0,408803
408804,2000,0,0,350008,1,0,0,408804
408805,2000,0,0,350009,1,0,0,408805
408806,2000,0,0,350015,1,0,0,408806
408807,2000,0,0,350016,1,0,0,408807
408808,2000,0,0,350017,1,0,0,408808
408809,2000,0,0,350018,1,0,0,408809
408810,2000,0,0,350021,1,0,0,408810
408811,2000,0,0,350022,1,0,0,408811
408812,2000,0,0,350023,1,0,0,408812
408813,2000,0,0,350024,1,0,0,408813
408814,2000,0,0,350026,1,0,0,408814
408815,2000,0,0,350027,1,0,0,408815
408816,2000,0,0,350105,1,0,0,408816
408900,2000,0,0,350001,1,0,0,408900
408901,2000,0,0,350004,1,0,0,408901
408902,2000,0,0,350005,1,0,0,408902
408903,2000,0,0,350007,1,0,0,408903
408904,2000,0,0,350008,1,0,0,408904
408905,2000,0,0,350009,1,0,0,408905
408906,2000,0,0,350015,1,0,0,408906
408907,2000,0,0,350016,1,0,0,408907
408908,2000,0,0,350017,1,0,0,408908
408909,2000,0,0,350018,1,0,0,408909
408910,2000,0,0,350021,1,0,0,408910
408911,2000,0,0,350022,1,0,0,408911
408912,2000,0,0,350025,1,0,0,408912
408913,2000,0,0,350028,1,0,0,408913
408914,2000,0,0,350029,1,0,0,408914
408915,2000,0,0,350140,1,0,0,408915
409000,2000,0,0,350000,1,0,0,409000
409001,2000,0,0,350004,1,0,0,409001
409002,2000,0,0,350005,1,0,0,409002
409003,2000,0,0,350007,1,0,0,409003
409004,2000,0,0,350008,1,0,0,409004
409005,2000,0,0,350009,1,0,0,409005
409006,2000,0,0,350015,1,0,0,409006
409007,2000,0,0,350016,1,0,0,409007
409008,2000,0,0,350017,1,0,0,409008
409009,2000,0,0,350018,1,0,0,409009
409010,2000,0,0,350020,1,0,0,409010
409011,2000,0,0,350021,1,0,0,409011
409012,2000,0,0,350022,1,0,0,409012
409013,2000,0,0,350025,1,0,0,409013
409014,2000,0,0,350028,1,0,0,409014
409015,2000,0,0,350031,1,0,0,409015
409016,2000,0,0,350117,1,0,0,409016
409100,2000,0,0,350000,1,0,0,409100
409101,2000,0,0,350004,1,0,0,409101
409102,2000,0,0,350005,1,0,0,409102
409103,2000,0,0,350007,1,0,0,409103
409104,2000,0,0,350008,1,0,0,409104
409105,2000,0,0,350009,1,0,0,409105
409106,2000,0,0,350015,1,0,0,409106
409107,2000,0,0,350016,1,0,0,409107
409108,2000,0,0,350017,1,0,0,409108
409109,2000,0,0,350018,1,0,0,409109
409110,2000,0,0,350021,1,0,0,409110
409111,2000,0,0,350022,1,0,0,409111
409112,2000,0,0,350025,1,0,0,409112
409113,2000,0,0,350029,1,0,0,409113
409114,2000,0,0,350030,1,0,0,409114
409115,2000,0,0,350126,1,0,0,409115
409116,2000,0,0,350129,1,0,0,409116
409200,2000,0,0,350000,1,0,0,409200
409201,2000,0,0,350004,1,0,0,409201
409202,2000,0,0,350005,1,0,0,409202
409203,2000,0,0,350007,1,0,0,409203
409204,2000,0,0,350008,1,0,0,409204
409205,2000,0,0,350009,1,0,0,409205
409206,2000,0,0,350015,1,0,0,409206
409207,2000,0,0,350016,1,0,0,409207
409208,2000,0,0,350017,1,0,0,409208
409209,2000,0,0,350018,1,0,0,409209
409210,2000,0,0,350021,1,0,0,409210
409211,2000,0,0,350022,1,0,0,409211
409212,2000,0,0,350025,1,0,0,409212
409213,2000,0,0,350028,1,0,0,409213
409214,2000,0,0,350029,1,0,0,409214
409215,2000,0,0,350030,1,0,0,409215
409216,2000,0,0,350115,1,0,0,409216
409300,2000,0,0,350000,1,0,0,409300
409301,2000,0,0,350004,1,0,0,409301
409302,2000,0,0,350005,1,0,0,409302
409303,2000,0,0,350007,1,0,0,409303
409304,2000,0,0,350008,1,0,0,409304
409305,2000,0,0,350009,1,0,0,409305
409306,2000,0,0,350015,1,0,0,409306
409307,2000,0,0,350016,1,0,0,409307
409308,2000,0,0,350017,1,0,0,409308
409309,2000,0,0,350018,1,0,0,409309
409310,2000,0,0,350021,1,0,0,409310
409311,2000,0,0,350022,1,0,0,409311
409312,2000,0,0,350024,1,0,0,409312
409313,2000,0,0,350027,1,0,0,409313
409314,2000,0,0,350030,1,0,0,409314
409315,2000,0,0,350032,1,0,0,409315
409400,2000,0,0,350001,1,0,0,409400
409401,2000,0,0,350004,1,0,0,409401
409402,2000,0,0,350005,1,0,0,409402
409403,2000,0,0,350007,1,0,0,409403
409404,2000,0,0,350008,1,0,0,409404
409405,2000,0,0,350009,1,0,0,409405
409406,2000,0,0,350015,1,0,0,409406
409407,2000,0,0,350016,1,0,0,409407
409408,2000,0,0,350017,1,0,0,409408
409409,2000,0,0,350018,1,0,0,409409
409410,2000,0,0,350021,1,0,0,409410
409411,2000,0,0,350022,1,0,0,409411
409412,2000,0,0,350025,1,0,0,409412
409413,2000,0,0,350028,1,0,0,409413
409414,2000,0,0,350029,1,0,0,409414
409415,2000,0,0,350123,1,0,0,409415
409416,2000,0,0,350129,1,0,0,409416
409500,2000,0,0,350000,1,0,0,409500
409501,2000,0,0,350004,1,0,0,409501
409502,2000,0,0,350005,1,0,0,409502
409503,2000,0,0,350007,1,0,0,409503
409504,2000,0,0,350008,1,0,0,409504
409505,2000,0,0,350009,1,0,0,409505
409506,2000,0,0,350015,1,0,0,409506
409507,2000,0,0,350016,1,0,0,409507
409508,2000,0,0,350017,1,0,0,409508
409509,2000,0,0,350018,1,0,0,409509
409510,2000,0,0,350021,1,0,0,409510
409511,2000,0,0,350022,1,0,0,409511
409512,2000,0,0,350026,1,0,0,409512
409513,2000,0,0,350027,1,0,0,409513
409514,2000,0,0,350028,1,0,0,409514
409515,2000,0,0,350029,1,0,0,409515
409516,2000,0,0,350115,1,0,0,409516
409600,2000,0,0,350002,1,0,0,409600
409601,2000,0,0,350004,1,0,0,409601
409602,2000,0,0,350005,1,0,0,409602
409603,2000,0,0,350007,1,0,0,409603
409604,2000,0,0,350008,1,0,0,409604
409605,2000,0,0,350009,1,0,0,409605
409606,2000,0,0,350015,1,0,0,409606
409607,2000,0,0,350016,1,0,0,409607
409608,2000,0,0,350017,1,0,0,409608
409609,2000,0,0,350018,1,0,0,409609
409610,2000,0,0,350021,1,0,0,409610
409611,2000,0,0,350022,1,0,0,409611
409612,2000,0,0,350026,1,0,0,409612
409613,2000,0,0,350027,1,0,0,409613
409614,2000,0,0,350028,1,0,0,409614
409615,2000,0,0,350029,1,0,0,409615
409616,2000,0,0,350114,1,0,0,409616
409700,2000,0,0,350000,1,0,0,409700
409701,2000,0,0,350004,1,0,0,409701
409702,2000,0,0,350005,1,0,0,409702
409703,2000,0,0,350007,1,0,0,409703
409704,2000,0,0,350008,1,0,0,409704
409705,2000,0,0,350009,1,0,0,409705
409706,2000,0,0,350015,1,0,0,409706
409707,2000,0,0,350016,1,0,0,409707
409708,2000,0,0,350017,1,0,0,409708
409709,2000,0,0,350018,1,0,0,409709
409710,2000,0,0,350019,1,0,0,409710
409711,2000,0,0,350021,1,0,0,409711
409712,2000,0,0,350022,1,0,0,409712
409713,2000,0,0,350025,1,0,0,409713
409714,2000,0,0,350029,1,0,0,409714
409715,2000,0,0,350030,1,0,0,409715
409800,2000,0,0,350002,1,0,0,409800
409801,2000,0,0,350004,1,0,0,409801
409802,2000,0,0,350005,1,0,0,409802
409803,2000,0,0,350007,1,0,0,409803
409804,2000,0,0,350008,1,0,0,409804
409805,2000,0,0,350009,1,0,0,409805
409806,2000,0,0,350015,1,0,0,409806
409807,2000,0,0,350016,1,0,0,409807
409808,2000,0,0,350017,1,0,0,409808
409809,2000,0,0,350018,1,0,0,409809
409810,2000,0,0,350021,1,0,0,409810
409811,2000,0,0,350022,1,0,0,409811
409812,2000,0,0,350025,1,0,0,409812
409813,2000,0,0,350028,1,0,0,409813
409814,2000,0,0,350031,1,0,0,409814
409815,2000,0,0,350122,1,0,0,409815
409900,2000,0,0,350001,1,0,0,409900
409901,2000,0,0,350004,1,0,0,409901
409902,2000,0,0,350005,1,0,0,409902
409903,2000,0,0,350007,1,0,0,409903
409904,2000,0,0,350008,1,0,0,409904
409905,2000,0,0,350009,1,0,0,409905
409906,2000,0,0,350015,1,0,0,409906
409907,2000,0,0,350016,1,0,0,409907
409908,2000,0,0,350017,1,0,0,409908
409909,2000,0,0,350018,1,0,0,409909
409910,2000,0,0,350019,1,0,0,409910
409911,2000,0,0,350021,1,0,0,409911
409912,2000,0,0,350022,1,0,0,409912
409913,2000,0,0,350025,1,0,0,409913
409914,2000,0,0,350029,1,0,0,409914
409915,2000,0,0,350030,1,0,0,409915
410000,2000,0,0,350002,1,0,0,410000
410001,2000,0,0,350004,1,0,0,410001
410002,2000,0,0,350005,1,0,0,410002
410003,2000,0,0,350007,1,0,0,410003
410004,2000,0,0,350008,1,0,0,410004
410005,2000,0,0,350009,1,0,0,410005
410006,2000,0,0,350015,1,0,0,410006
410007,2000,0,0,350016,1,0,0,410007
410008,2000,0,0,350017,1,0,0,410008
410009,2000,0,0,350018,1,0,0,410009
410010,2000,0,0,350021,1,0,0,410010
410011,2000,0,0,350022,1,0,0,410011
410012,2000,0,0,350023,1,0,0,410012
410013,2000,0,0,350026,1,0,0,410013
410014,2000,0,0,350028,1,0,0,410014
410015,2000,0,0,350111,1,0,0,410015
410016,2000,0,0,350114,1,0,0,410016
410100,2000,0,0,350001,1,0,0,410100
410101,2000,0,0,350004,1,0,0,410101
410102,2000,0,0,350005,1,0,0,410102
410103,2000,0,0,350007,1,0,0,410103
410104,2000,0,0,350008,1,0,0,410104
410105,2000,0,0,350009,1,0,0,410105
410106,2000,0,0,350015,1,0,0,410106
410107,2000,0,0,350016,1,0,0,410107
410108,2000,0,0,350017,1,0,0,410108
410109,2000,0,0,350018,1,0,0,410109
410110,2000,0,0,350021,1,0,0,410110
410111,2000,0,0,350022,1,0,0,410111
410112,2000,0,0,350025,1,0,0,410112
410113,2000,0,0,350028,1,0,0,410113
410114,2000,0,0,350029,1,0,0,410114
410115,2000,0,0,350111,1,0,0,410115
410116,2000,0,0,350115,1,0,0,410116
410200,2000,0,0,350003,1,0,0,410200
410201,2000,0,0,350004,1,0,0,410201
410202,2000,0,0,350005,1,0,0,410202
410203,2000,0,0,350007,1,0,0,410203
410204,2000,0,0,350008,1,0,0,410204
410205,2000,0,0,350009,1,0,0,410205
410206,2000,0,0,350015,1,0,0,410206
410207,2000,0,0,350016,1,0,0,410207
410208,2000,0,0,350017,1,0,0,410208
410209,2000,0,0,350018,1,0,0,410209
410210,2000,0,0,350021,1,0,0,410210
410211,2000,0,0,350022,1,0,0,410211
410212,2000,0,0,350025,1,0,0,410212
410213,2000,0,0,350029,1,0,0,410213
410214,2000,0,0,350105,1,0,0,410214
410300,2000,0,0,350002,1,0,0,410300
410301,2000,0,0,350004,1,0,0,410301
410302,2000,0,0,350005,1,0,0,410302
410303,2000,0,0,350007,1,0,0,410303
410304,2000,0,0,350008,1,0,0,410304
410305,2000,0,0,350009,1,0,0,410305
410306,2000,0,0,350015,1,0,0,410306
410307,2000,0,0,350016,1,0,0,410307
410308,2000,0,0,350017,1,0,0,410308
410309,2000,0,0,350018,1,0,0,410309
410310,2000,0,0,350021,1,0,0,410310
410311,2000,0,0,350022,1,0,0,410311
410312,2000,0,0,350025,1,0,0,410312
410313,2000,0,0,350029,1,0,0,410313
410314,2000,0,0,350101,1,0,0,410314
410400,2000,0,0,350002,1,0,0,410400
410401,2000,0,0,350004,1,0,0,410401
410402,2000,0,0,350005,1,0,0,410402
410403,2000,0,0,350007,1,0,0,410403
410404,2000,0,0,350008,1,0,0,410404
410405,2000,0,0,350009,1,0,0,410405
410406,2000,0,0,350015,1,0,0,410406
410407,2000,0,0,350016,1,0,0,410407
410408,2000,0,0,350017,1,0,0,410408
410409,2000,0,0,350018,1,0,0,410409
410410,2000,0,0,350021,1,0,0,410410
410411,2000,0,0,350022,1,0,0,410411
410412,2000,0,0,350025,1,0,0,410412
410413,2000,0,0,350027,1,0,0,410413
410414,2000,0,0,350114,1,0,0,410414
410500,2000,0,0,350001,1,0,0,410500
410501,2000,0,0,350004,1,0,0,410501
410502,2000,0,0,350005,1,0,0,410502
410503,2000,0,0,350007,1,0,0,410503
410504,2000,0,0,350008,1,0,0,410504
410505,2000,0,0,350009,1,0,0,410505
410506,2000,0,0,350015,1,0,0,410506
410507,2000,0,0,350016,1,0,0,410507
410508,2000,0,0,350017,1,0,0,410508
410509,2000,0,0,350018,1,0,0,410509
410510,2000,0,0,350021,1,0,0,410510
410511,2000,0,0,350022,1,0,0,410511
410512,2000,0,0,350024,1,0,0,410512
410513,2000,0,0,350026,1,0,0,410513
410514,2000,0,0,350027,1,0,0,410514
410515,2000,0,0,350030,1,0,0,410515
410516,2000,0,0,350104,1,0,0,410516
410600,2000,0,0,350001,1,0,0,410600
410601,2000,0,0,350004,1,0,0,410601
410602,2000,0,0,350005,1,0,0,410602
410603,2000,0,0,350007,1,0,0,410603
410604,2000,0,0,350008,1,0,0,410604
410605,2000,0,0,350009,1,0,0,410605
410606,2000,0,0,350015,1,0,0,410606
410607,2000,0,0,350016,1,0,0,410607
410608,2000,0,0,350017,1,0,0,410608
410609,2000,0,0,350018,1,0,0,410609
410610,2000,0,0,350021,1,0,0,410610
410611,2000,0,0,350022,1,0,0,410611
410612,2000,0,0,350023,1,0,0,410612
410613,2000,0,0,350026,1,0,0,410613
410614,2000,0,0,350029,1,0,0,410614
410615,2000,0,0,350030,1,0,0,410615
410616,2000,0,0,350111,1,0,0,410616
410700,2000,0,0,350002,1,0,0,410700
410701,2000,0,0,350004,1,0,0,410701
410702,2000,0,0,350005,1,0,0,410702
410703,2000,0,0,350007,1,0,0,410703
410704,2000,0,0,350008,1,0,0,410704
410705,2000,0,0,350009,1,0,0,410705
410706,2000,0,0,350015,1,0,0,410706
410707,2000,0,0,350016,1,0,0,410707
410708,2000,0,0,350017,1,0,0,410708
410709,2000,0,0,350018,1,0,0,410709
410710,2000,0,0,350021,1,0,0,410710
410711,2000,0,0,350022,1,0,0,410711
410712,2000,0,0,350024,1,0,0,410712
410713,2000,0,0,350026,1,0,0,410713
410714,2000,0,0,350027,1,0,0,410714
410715,2000,0,0,350029,1,0,0,410715
410716,2000,0,0,350114,1,0,0,410716
410800,2000,0,0,350001,1,0,0,410800
410801,2000,0,0,350004,1,0,0,410801
410802,2000,0,0,350005,1,0,0,410802
410803,2000,0,0,350007,1,0,0,410803
410804,2000,0,0,350008,1,0,0,410804
410805,2000,0,0,350009,1,0,0,410805
410806,2000,0,0,350015,1,0,0,410806
410807,2000,0,0,350016,1,0,0,410807
410808,2000,0,0,350017,1,0,0,410808
410809,2000,0,0,350018,1,0,0,410809
410810,2000,0,0,350021,1,0,0,410810
410811,2000,0,0,350022,1,0,0,410811
410812,2000,0,0,350025,1,0,0,410812
410813,2000,0,0,350026,1,0,0,410813
410814,2000,0,0,350027,1,0,0,410814
410815,2000,0,0,350028,1,0,0,410815
410816,2000,0,0,350029,1,0,0,410816
410817,2000,0,0,350106,1,0,0,410817
410818,2000,0,0,350115,1,0,0,410818
410900,2000,0,0,350003,1,0,0,410900
410901,2000,0,0,350004,1,0,0,410901
410902,2000,0,0,350005,1,0,0,410902
410903,2000,0,0,350007,1,0,0,410903
410904,2000,0,0,350008,1,0,0,410904
410905,2000,0,0,350009,1,0,0,410905
410906,2000,0,0,350015,1,0,0,410906
410907,2000,0,0,350016,1,0,0,410907
410908,2000,0,0,350017,1,0,0,410908
410909,2000,0,0,350018,1,0,0,410909
410910,2000,0,0,350021,1,0,0,410910
410911,2000,0,0,350022,1,0,0,410911
410912,2000,0,0,350024,1,0,0,410912
410913,2000,0,0,350026,1,0,0,410913
410914,2000,0,0,350027,1,0,0,410914
410915,2000,0,0,350028,1,0,0,410915
410916,2000,0,0,350029,1,0,0,410916
410917,2000,0,0,350030,1,0,0,410917
410918,2000,0,0,350109,1,0,0,410918
411000,2000,0,0,350003,1,0,0,411000
411001,2000,0,0,350004,1,0,0,411001
411002,2000,0,0,350005,1,0,0,411002
411003,2000,0,0,350007,1,0,0,411003
411004,2000,0,0,350008,1,0,0,411004
411005,2000,0,0,350009,1,0,0,411005
411006,2000,0,0,350015,1,0,0,411006
411007,2000,0,0,350016,1,0,0,411007
411008,2000,0,0,350017,1,0,0,411008
411009,2000,0,0,350018,1,0,0,411009
411010,2000,0,0,350019,1,0,0,411010
411011,2000,0,0,350021,1,0,0,411011
411012,2000,0,0,350022,1,0,0,411012
411013,2000,0,0,350023,1,0,0,411013
411014,2000,0,0,350025,1,0,0,411014
411015,2000,0,0,350026,1,0,0,411015
411016,2000,0,0,350027,1,0,0,411016
411017,2000,0,0,350028,1,0,0,411017
411018,2000,0,0,350029,1,0,0,411018
411019,2000,0,0,350031,1,0,0,411019
411020,2000,0,0,350112,1,0,0,411020
411021,2000,0,0,350128,1,0,0,411021
411100,2000,0,0,350002,1,0,0,411100
411101,2000,0,0,350004,1,0,0,411101
411102,2000,0,0,350005,1,0,0,411102
411103,2000,0,0,350007,1,0,0,411103
411104,2000,0,0,350008,1,0,0,411104
411105,2000,0,0,350009,1,0,0,411105
411106,2000,0,0,350016,1,0,0,411106
411107,2000,0,0,350017,1,0,0,411107
411108,2000,0,0,350018,1,0,0,411108
411109,2000,0,0,350019,1,0,0,411109
411110,2000,0,0,350021,1,0,0,411110
411111,2000,0,0,350024,1,0,0,411111
411112,2000,0,0,350025,1,0,0,411112
411113,2000,0,0,350022,1,0,0,411113
411114,2000,0,0,350026,1,0,0,411114
411115,2000,0,0,350027,1,0,0,411115
411116,2000,0,0,350028,1,0,0,411116
411117,2000,0,0,350029,1,0,0,411117
411118,2000,0,0,350031,1,0,0,411118
411119,2000,0,0,350034,1,0,0,411119
411120,2000,0,0,350101,1,0,0,411120
411121,2000,0,0,350113,1,0,0,411121
411200,2000,0,0,350003,1,0,0,411200
411201,2000,0,0,350004,1,0,0,411201
411202,2000,0,0,350005,1,0,0,411202
411203,2000,0,0,350007,1,0,0,411203
411204,2000,0,0,350008,1,0,0,411204
411205,2000,0,0,350009,1,0,0,411205
411206,2000,0,0,350013,1,0,0,411206
411207,2000,0,0,350015,1,0,0,411207
411208,2000,0,0,350016,1,0,0,411208
411209,2000,0,0,350017,1,0,0,411209
411210,2000,0,0,350018,1,0,0,411210
411211,2000,0,0,350020,1,0,0,411211
411212,2000,0,0,350021,1,0,0,411212
411213,2000,0,0,350022,1,0,0,411213
411214,2000,0,0,350023,1,0,0,411214
411215,2000,0,0,350026,1,0,0,411215
411216,2000,0,0,350027,1,0,0,411216
411217,2000,0,0,350028,1,0,0,411217
411218,2000,0,0,350029,1,0,0,411218
411219,2000,0,0,350125,1,0,0,411219
411220,2000,0,0,350127,1,0,0,411220
411221,2000,0,0,350130,1,0,0,411221
411300,2000,0,0,350002,1,0,0,411300
411301,2000,0,0,350004,1,0,0,411301
411302,2000,0,0,350005,1,0,0,411302
411303,2000,0,0,350007,1,0,0,411303
411304,2000,0,0,350008,1,0,0,411304
411305,2000,0,0,350009,1,0,0,411305
411306,2000,0,0,350014,1,0,0,411306
411307,2000,0,0,350016,1,0,0,411307
411308,2000,0,0,350017,1,0,0,411308
411309,2000,0,0,350018,1,0,0,411309
411310,2000,0,0,350019,1,0,0,411310
411311,2000,0,0,350021,1,0,0,411311
411312,2000,0,0,350022,1,0,0,411312
411313,2000,0,0,350024,1,0,0,411313
411314,2000,0,0,350025,1,0,0,411314
411315,2000,0,0,350027,1,0,0,411315
411316,2000,0,0,350028,1,0,0,411316
411317,2000,0,0,350029,1,0,0,411317
411318,2000,0,0,350030,1,0,0,411318
411319,2000,0,0,350032,1,0,0,411319
411320,2000,0,0,350101,1,0,0,411320
411321,2000,0,0,350130,1,0,0,411321
411400,2000,0,0,350001,1,0,0,411400
411401,2000,0,0,350004,1,0,0,411401
411402,2000,0,0,350005,1,0,0,411402
411403,2000,0,0,350006,1,0,0,411403
411404,2000,0,0,350007,1,0,0,411404
411405,2000,0,0,350008,1,0,0,411405
411406,2000,0,0,350009,1,0,0,411406
411407,2000,0,0,350016,1,0,0,411407
411408,2000,0,0,350017,1,0,0,411408
411409,2000,0,0,350018,1,0,0,411409
411410,2000,0,0,350021,1,0,0,411410
411411,2000,0,0,350022,1,0,0,411411
411412,2000,0,0,350025,1,0,0,411412
411413,2000,0,0,350027,1,0,0,411413
411414,2000,0,0,350028,1,0,0,411414
411415,2000,0,0,350029,1,0,0,411415
411416,2000,0,0,350030,1,0,0,411416
411417,2000,0,0,350031,1,0,0,411417
411418,2000,0,0,350116,1,0,0,411418
411500,2000,0,0,350002,1,0,0,411500
411501,2000,0,0,350004,1,0,0,411501
411502,2000,0,0,350007,1,0,0,411502
411503,2000,0,0,350008,1,0,0,411503
411504,2000,0,0,350009,1,0,0,411504
411505,2000,0,0,350014,1,0,0,411505
411506,2000,0,0,350016,1,0,0,411506
411507,2000,0,0,350017,1,0,0,411507
411508,2000,0,0,350018,1,0,0,411508
411509,2000,0,0,350021,1,0,0,411509
411510,2000,0,0,350022,1,0,0,411510
411511,2000,0,0,350024,1,0,0,411511
411512,2000,0,0,350027,1,0,0,411512
411513,2000,0,0,350028,1,0,0,411513
411514,2000,0,0,350029,1,0,0,411514
411515,2000,0,0,350030,1,0,0,411515
411516,2000,0,0,350032,1,0,0,411516
411600,2000,0,0,350002,1,0,0,411600
411601,2000,0,0,350004,1,0,0,411601
411602,2000,0,0,350007,1,0,0,411602
411603,2000,0,0,350008,1,0,0,411603
411604,2000,0,0,350009,1,0,0,411604
411605,2000,0,0,350016,1,0,0,411605
411606,2000,0,0,350017,1,0,0,411606
411607,2000,0,0,350018,1,0,0,411607
411608,2000,0,0,350019,1,0,0,411608
411609,2000,0,0,350023,1,0,0,411609
411610,2000,0,0,350024,1,0,0,411610
411611,2000,0,0,350025,1,0,0,411611
411612,2000,0,0,350027,1,0,0,411612
411613,2000,0,0,350028,1,0,0,411613
411614,2000,0,0,350029,1,0,0,411614
411615,2000,0,0,350030,1,0,0,411615
411616,2000,0,0,350116,1,0,0,411616
411700,2000,0,0,350003,1,0,0,411700
411701,2000,0,0,350004,1,0,0,411701
411702,2000,0,0,350005,1,0,0,411702
411703,2000,0,0,350007,1,0,0,411703
411704,2000,0,0,350008,1,0,0,411704
411705,2000,0,0,350009,1,0,0,411705
411706,2000,0,0,350013,1,0,0,411706
411707,2000,0,0,350015,1,0,0,411707
411708,2000,0,0,350016,1,0,0,411708
411709,2000,0,0,350017,1,0,0,411709
411710,2000,0,0,350018,1,0,0,411710
411711,2000,0,0,350020,1,0,0,411711
411712,2000,0,0,350021,1,0,0,411712
411713,2000,0,0,350022,1,0,0,411713
411714,2000,0,0,350023,1,0,0,411714
411715,2000,0,0,350024,1,0,0,411715
411716,2000,0,0,350027,1,0,0,411716
411717,2000,0,0,350028,1,0,0,411717
411718,2000,0,0,350122,1,0,0,411718
411800,2000,0,0,350001,1,0,0,411800
411801,2000,0,0,350004,1,0,0,411801
411802,2000,0,0,350005,1,0,0,411802
411803,2000,0,0,350007,1,0,0,411803
411804,2000,0,0,350008,1,0,0,411804
411805,2000,0,0,350009,1,0,0,411805
411806,2000,0,0,350015,1,0,0,411806
411807,2000,0,0,350016,1,0,0,411807
411808,2000,0,0,350017,1,0,0,411808
411809,2000,0,0,350018,1,0,0,411809
411810,2000,0,0,350021,1,0,0,411810
411811,2000,0,0,350022,1,0,0,411811
411812,2000,0,0,350024,1,0,0,411812
411813,2000,0,0,350026,1,0,0,411813
411814,2000,0,0,350027,1,0,0,411814
411815,2000,0,0,350029,1,0,0,411815
411816,2000,0,0,350114,1,0,0,411816
411900,2000,0,0,350002,1,0,0,411900
411901,2000,0,0,350004,1,0,0,411901
411902,2000,0,0,350005,1,0,0,411902
411903,2000,0,0,350007,1,0,0,411903
411904,2000,0,0,350008,1,0,0,411904
411905,2000,0,0,350009,1,0,0,411905
411906,2000,0,0,350015,1,0,0,411906
411907,2000,0,0,350016,1,0,0,411907
411908,2000,0,0,350017,1,0,0,411908
411909,2000,0,0,350018,1,0,0,411909
411910,2000,0,0,350021,1,0,0,411910
411911,2000,0,0,350022,1,0,0,411911
411912,2000,0,0,350024,1,0,0,411912
411913,2000,0,0,350026,1,0,0,411913
411914,2000,0,0,350027,1,0,0,411914
411915,2000,0,0,350028,1,0,0,411915
411916,2000,0,0,350029,1,0,0,411916
411917,2000,0,0,350107,1,0,0,411917
411918,2000,0,0,350032,1,0,0,411918
412000,2000,0,0,350100,1,0,0,412000
412001,2000,0,0,350004,1,0,0,412001
412002,2000,0,0,350005,1,0,0,412002
412003,2000,0,0,350007,1,0,0,412003
412004,2000,0,0,350008,1,0,0,412004
412005,2000,0,0,350009,1,0,0,412005
412006,2000,0,0,350015,1,0,0,412006
412007,2000,0,0,350016,1,0,0,412007
412008,2000,0,0,350017,1,0,0,412008
412009,2000,0,0,350018,1,0,0,412009
412010,2000,0,0,350021,1,0,0,412010
412011,2000,0,0,350022,1,0,0,412011
412012,2000,0,0,350024,1,0,0,412012
412013,2000,0,0,350026,1,0,0,412013
412014,2000,0,0,350027,1,0,0,412014
412015,2000,0,0,350028,1,0,0,412015
412016,2000,0,0,350029,1,0,0,412016
412017,2000,0,0,350000,1,0,0,412017
412018,2000,0,0,350116,1,0,0,412018
