id,不知道,售卖价格,影响力,不知道,售卖时间,熟练度加成,市场价格,回收价格,不知道,不知道,不知道,不知道,不知道,不知道
90001,5,10,10,4,15,2|2|3|4|6,5,2,10,5,6,4,50,80
90002,5,11,10,5,15,2|2|3|4|6,5,2,11,5,6,4,50,80
90003,5,12,10,6,15,2|2|3|4|6,6,2,12,5,6,4,50,80
90004,5,15,10,8,15,2|2|3|4|6,7,3,15,5,6,4,50,80
90011,3,16,10,6,20,2|3|5|6|10,8,3,16,5,6,4,50,80
90012,3,17,10,7,20,2|3|5|6|10,8,3,17,5,6,4,50,80
90013,3,19,10,8,20,2|3|5|6|10,9,3,19,5,6,4,50,80
90014,3,24,10,10,20,2|3|5|6|10,12,4,24,5,6,4,50,80
90021,2,216,100,44,155,84|90|98|108|120,108,43,216,15,18,12,35,114
90022,2,237,100,52,155,84|90|98|108|120,118,47,237,15,18,12,35,114
90023,2,259,100,62,155,84|90|98|108|120,129,51,259,15,18,12,35,114
90024,2,324,100,78,155,84|90|98|108|120,162,64,324,15,18,12,35,114
90031,2,280,130,57,198,155|168|183|201|222,140,56,280,15,18,12,35,114
90032,2,308,130,66,198,155|168|183|201|222,154,61,308,15,18,12,35,114
90033,2,336,130,79,198,155|168|183|201|222,168,67,336,15,18,12,35,114
90034,2,420,130,99,198,155|168|183|201|222,210,84,420,15,18,12,35,114
90041,4,24,10,8,28,4|5|8|10|15,12,4,24,5,6,4,50,80
90042,4,26,10,9,28,4|5|8|10|15,13,5,26,5,6,4,50,80
90043,4,28,10,11,28,4|5|8|10|15,14,5,28,5,6,4,50,80
90044,4,36,10,14,28,4|5|8|10|15,18,7,36,5,6,4,50,80
90051,2,96,60,28,99,42|46|50|55|61,48,19,96,10,12,8,40,100
90052,2,105,60,33,99,42|46|50|55|61,52,21,105,10,12,8,40,100
90053,2,115,60,40,99,42|46|50|55|61,57,23,115,10,12,8,40,100
90054,2,144,60,50,99,42|46|50|55|61,72,28,144,10,12,8,40,100
90061,2,104,60,26,92,39|42|46|50|56,52,20,104,10,12,8,40,100
90062,2,114,60,31,92,39|42|46|50|56,57,22,114,10,12,8,40,100
90063,2,124,60,37,92,39|42|46|50|56,62,24,124,10,12,8,40,100
90064,2,156,60,46,92,39|42|46|50|56,78,31,156,10,12,8,40,100
90071,2,96,60,28,97,38|41|44|49|54,48,19,96,10,12,8,40,100
90072,2,105,60,32,97,38|41|44|49|54,52,21,105,10,12,8,40,100
90073,2,115,60,39,97,38|41|44|49|54,57,23,115,10,12,8,40,100
90074,2,144,60,49,97,38|41|44|49|54,72,28,144,10,12,8,40,100
90081,2,624,260,111,390,464|502|546|599|663,312,124,624,20,24,16,30,133
90082,2,686,260,130,390,464|502|546|599|663,343,137,686,20,24,16,30,133
90083,2,748,260,156,390,464|502|546|599|663,374,149,748,20,24,16,30,133
90084,2,936,260,195,390,464|502|546|599|663,468,187,936,20,24,16,30,133
90091,2,88,50,21,75,22|24|26|29|32,44,17,88,10,12,8,40,100
90092,2,96,50,25,75,22|24|26|29|32,48,19,96,10,12,8,40,100
90093,2,105,50,30,75,22|24|26|29|32,52,21,105,10,12,8,40,100
90094,2,132,50,38,75,22|24|26|29|32,66,26,132,10,12,8,40,100
90101,5,32,20,9,31,6|7|11|15|22,16,6,32,5,6,4,50,80
90102,5,35,20,10,31,6|7|11|15|22,17,7,35,5,6,4,50,80
90103,5,38,20,12,31,6|7|11|15|22,19,7,38,5,6,4,50,80
90104,5,48,20,16,31,6|7|11|15|22,24,9,48,5,6,4,50,80
90111,5,72,160,20,70,13|14|15|17|19,36,14,72,5,6,4,50,80
90112,5,79,160,23,70,13|14|15|17|19,39,15,79,5,6,4,50,80
90113,5,86,160,28,70,13|14|15|17|19,43,17,86,5,6,4,50,80
90114,5,108,160,35,70,13|14|15|17|19,54,21,108,5,6,4,50,80
90121,2,80,40,20,70,27|29|32|35|39,40,16,80,10,12,8,40,100
90122,2,88,40,23,70,27|29|32|35|39,44,17,88,10,12,8,40,100
90123,2,96,40,28,70,27|29|32|35|39,48,19,96,10,12,8,40,100
90124,2,120,40,35,70,27|29|32|35|39,60,24,120,10,12,8,40,100
90131,3,24,10,7,25,3|4|6|8|12,12,4,24,5,6,4,50,80
90132,3,26,10,8,25,3|4|6|8|12,13,5,26,5,6,4,50,80
90133,3,28,10,10,25,3|4|6|8|12,14,5,28,5,6,4,50,80
90134,3,36,10,13,25,3|4|6|8|12,18,7,36,5,6,4,50,80
90141,3,80,40,20,70,21|23|25|27|30,40,16,80,10,12,8,40,100
90142,3,88,40,23,70,21|23|25|27|30,44,17,88,10,12,8,40,100
90143,3,96,40,28,70,21|23|25|27|30,48,19,96,10,12,8,40,100
90144,3,120,40,35,70,21|23|25|27|30,60,24,120,10,12,8,40,100
90151,3,184,90,41,145,70|75|82|90|99,92,36,184,15,18,12,35,114
90152,3,202,90,48,145,70|75|82|90|99,101,40,202,15,18,12,35,114
90153,3,220,90,58,145,70|75|82|90|99,110,44,220,15,18,12,35,114
90154,3,276,90,73,145,70|75|82|90|99,138,55,276,15,18,12,35,114
90161,3,120,80,34,120,31|34|37|40|45,60,24,120,10,12,8,40,100
90162,3,132,80,40,120,31|34|37|40|45,66,26,132,10,12,8,40,100
90163,3,144,80,48,120,31|34|37|40|45,72,28,144,10,12,8,40,100
90164,3,180,80,60,120,31|34|37|40|45,90,36,180,10,12,8,40,100
90171,3,384,190,81,285,194|209|228|250|277,192,76,384,20,24,16,30,133
90172,3,422,190,95,285,194|209|228|250|277,211,84,422,20,24,16,30,133
90173,3,460,190,114,285,194|209|228|250|277,230,92,460,20,24,16,30,133
90174,3,576,190,143,285,194|209|228|250|277,288,115,576,20,24,16,30,133
90181,3,1537,620,267,935,1209|1306|1422|1559|1726,768,307,1537,25,30,20,20,200
90182,3,1690,620,312,935,1209|1306|1422|1559|1726,845,338,1690,25,30,20,20,200
90183,3,1844,620,374,935,1209|1306|1422|1559|1726,922,368,1844,25,30,20,20,200
90184,3,2305,620,468,935,1209|1306|1422|1559|1726,1152,461,2305,25,30,20,20,200
90191,3,16,10,7,23,3|4|6|8|12,8,3,16,5,6,4,50,80
90192,3,17,10,8,23,3|4|6|8|12,8,3,17,5,6,4,50,80
90193,3,19,10,9,23,3|4|6|8|12,9,3,19,5,6,4,50,80
90194,3,24,10,12,23,3|4|6|8|12,12,4,24,5,6,4,50,80
90201,3,384,170,73,257,284|307|334|366|406,192,76,384,20,24,16,30,133
90202,3,422,170,86,257,284|307|334|366|406,211,84,422,20,24,16,30,133
90203,3,460,170,103,257,284|307|334|366|406,230,92,460,20,24,16,30,133
90204,3,576,170,129,257,284|307|334|366|406,288,115,576,20,24,16,30,133
90211,3,88,60,26,90,35|38|42|46|51,44,17,88,10,12,8,40,100
90212,3,96,60,30,90,35|38|42|46|51,48,19,96,10,12,8,40,100
90213,3,105,60,36,90,35|38|42|46|51,52,21,105,10,12,8,40,100
90214,3,132,60,45,90,35|38|42|46|51,66,26,132,10,12,8,40,100
90221,3,10,10,4,15,3|3|5|7|10,5,2,10,5,6,4,50,80
90222,3,11,10,5,15,3|3|5|7|10,5,2,11,5,6,4,50,80
90223,3,12,10,6,15,3|3|5|7|10,6,2,12,5,6,4,50,80
90224,3,15,10,8,15,3|3|5|7|10,7,3,15,5,6,4,50,80
90231,3,424,170,76,265,308|333|362|397|440,212,84,424,20,24,16,30,133
90232,3,466,170,88,265,308|333|362|397|440,233,93,466,20,24,16,30,133
90233,3,508,170,106,265,308|333|362|397|440,254,101,508,20,24,16,30,133
90234,3,636,170,133,265,308|333|362|397|440,318,127,636,20,24,16,30,133
90241,2,24,20,9,30,3|4|6|8|12,12,4,24,5,6,4,50,80
90242,2,26,20,10,30,3|4|6|8|12,13,5,26,5,6,4,50,80
90243,2,28,20,12,30,3|4|6|8|12,14,5,28,5,6,4,50,80
90244,2,36,20,15,30,3|4|6|8|12,18,7,36,5,6,4,50,80
90251,4,88,50,23,81,29|31|34|37|41,44,17,88,10,12,8,40,100
90252,4,96,50,27,81,29|31|34|37|41,48,19,96,10,12,8,40,100
90253,4,105,50,32,81,29|31|34|37|41,52,21,105,10,12,8,40,100
90254,4,132,50,41,81,29|31|34|37|41,66,26,132,10,12,8,40,100
90261,4,224,110,48,169,86|93|101|111|123,112,44,224,15,18,12,35,114
90262,4,246,110,56,169,86|93|101|111|123,123,49,246,15,18,12,35,114
90263,4,268,110,68,169,86|93|101|111|123,134,53,268,15,18,12,35,114
90264,4,336,110,85,169,86|93|101|111|123,168,67,336,15,18,12,35,114
90271,4,104,60,29,100,26|28|31|34|37,52,20,104,10,12,8,40,100
90272,4,114,60,33,100,26|28|31|34|37,57,22,114,10,12,8,40,100
90273,4,124,60,40,100,26|28|31|34|37,62,24,124,10,12,8,40,100
90274,4,156,60,50,100,26|28|31|34|37,78,31,156,10,12,8,40,100
90281,4,1245,580,250,875,831|898|978|1072|1187,622,249,1245,25,30,20,20,200
90282,4,1369,580,292,875,831|898|978|1072|1187,684,273,1369,25,30,20,20,200
90283,4,1494,580,350,875,831|898|978|1072|1187,747,298,1494,25,30,20,20,200
90284,4,1867,580,438,875,831|898|978|1072|1187,933,373,1867,25,30,20,20,200
90291,4,24,10,8,28,4|5|8|10|15,12,4,24,5,6,4,50,80
90292,4,26,10,9,28,4|5|8|10|15,13,5,26,5,6,4,50,80
90293,4,28,10,11,28,4|5|8|10|15,14,5,28,5,6,4,50,80
90294,4,36,10,14,28,4|5|8|10|15,18,7,36,5,6,4,50,80
90301,4,24,20,9,30,6|7|11|15|22,12,4,24,5,6,4,50,80
90302,4,26,20,10,30,6|7|11|15|22,13,5,26,5,6,4,50,80
90303,4,28,20,12,30,6|7|11|15|22,14,5,28,5,6,4,50,80
90304,4,36,20,15,30,6|7|11|15|22,18,7,36,5,6,4,50,80
90311,4,104,60,29,100,38|41|45|49|54,52,20,104,10,12,8,40,100
90312,4,114,60,33,100,38|41|45|49|54,57,22,114,10,12,8,40,100
90313,4,124,60,40,100,38|41|45|49|54,62,24,124,10,12,8,40,100
90314,4,156,60,50,100,38|41|45|49|54,78,31,156,10,12,8,40,100
90321,4,584,290,124,435,468|506|550|603|668,292,116,584,20,24,16,30,133
90322,4,642,290,145,435,468|506|550|603|668,321,128,642,20,24,16,30,133
90323,4,700,290,174,435,468|506|550|603|668,350,140,700,20,24,16,30,133
90324,4,876,290,218,435,468|506|550|603|668,438,175,876,20,24,16,30,133
90331,1,96,60,27,95,41|44|48|52|58,48,19,96,10,12,8,40,100
90332,1,105,60,32,95,41|44|48|52|58,52,21,105,10,12,8,40,100
90333,1,115,60,38,95,41|44|48|52|58,57,23,115,10,12,8,40,100
90334,1,144,60,48,95,41|44|48|52|58,72,28,144,10,12,8,40,100
90341,1,288,130,57,200,153|165|180|197|219,144,57,288,15,18,12,35,114
90342,1,316,130,67,200,153|165|180|197|219,158,63,316,15,18,12,35,114
90343,1,345,130,80,200,153|165|180|197|219,172,69,345,15,18,12,35,114
90344,1,432,130,100,200,153|165|180|197|219,216,86,432,15,18,12,35,114
90351,1,120,60,29,100,42|45|49|54|60,60,24,120,10,12,8,40,100
90352,1,132,60,33,100,42|45|49|54|60,66,26,132,10,12,8,40,100
90353,1,144,60,40,100,42|45|49|54|60,72,28,144,10,12,8,40,100
90354,1,180,60,50,100,42|45|49|54|60,90,36,180,10,12,8,40,100
90361,1,232,120,53,185,116|125|136|149|165,116,46,232,15,18,12,35,114
90362,1,255,120,62,185,116|125|136|149|165,127,51,255,15,18,12,35,114
90363,1,278,120,74,185,116|125|136|149|165,139,55,278,15,18,12,35,114
90364,1,348,120,93,185,116|125|136|149|165,174,69,348,15,18,12,35,114
90371,1,536,230,101,353,403|436|474|520|576,268,107,536,20,24,16,30,133
90372,1,589,230,118,353,403|436|474|520|576,294,117,589,20,24,16,30,133
90373,1,643,230,141,353,403|436|474|520|576,321,128,643,20,24,16,30,133
90374,1,804,230,177,353,403|436|474|520|576,402,160,804,20,24,16,30,133
90381,1,24,10,8,28,4|5|8|11|16,12,4,24,5,6,4,50,80
90382,1,26,10,9,28,4|5|8|11|16,13,5,26,5,6,4,50,80
90383,1,28,10,11,28,4|5|8|11|16,14,5,28,5,6,4,50,80
90384,1,36,10,14,28,4|5|8|11|16,18,7,36,5,6,4,50,80
90391,1,472,190,84,295,344|372|405|444|491,236,94,472,20,24,16,30,133
90392,1,519,190,98,295,344|372|405|444|491,259,103,519,20,24,16,30,133
90393,1,566,190,118,295,344|372|405|444|491,283,113,566,20,24,16,30,133
90394,1,708,190,148,295,344|372|405|444|491,354,141,708,20,24,16,30,133
90401,1,240,110,51,177,90|97|106|116|129,120,48,240,15,18,12,35,114
90402,1,264,110,59,177,90|97|106|116|129,132,52,264,15,18,12,35,114
90403,1,288,110,71,177,90|97|106|116|129,144,57,288,15,18,12,35,114
90404,1,360,110,89,177,90|97|106|116|129,180,72,360,15,18,12,35,114
90411,1,256,120,54,190,111|120|131|144|159,128,51,256,15,18,12,35,114
90412,1,281,120,63,190,111|120|131|144|159,140,56,281,15,18,12,35,114
90413,1,307,120,76,190,111|120|131|144|159,153,61,307,15,18,12,35,114
90414,1,384,120,95,190,111|120|131|144|159,192,76,384,15,18,12,35,114
90421,1,320,150,65,227,235|254|277|303|336,160,64,320,20,24,16,30,133
90422,1,352,150,76,227,235|254|277|303|336,176,70,352,20,24,16,30,133
90423,1,384,150,91,227,235|254|277|303|336,192,76,384,20,24,16,30,133
90424,1,480,150,114,227,235|254|277|303|336,240,96,480,20,24,16,30,133
90431,1,744,310,133,466,508|549|598|655|726,372,148,744,20,24,16,30,133
90432,1,818,310,155,466,508|549|598|655|726,409,163,818,20,24,16,30,133
90433,1,892,310,186,466,508|549|598|655|726,446,178,892,20,24,16,30,133
90434,1,1116,310,233,466,508|549|598|655|726,558,223,1116,20,24,16,30,133
90441,2,128,60,29,100,32|35|38|41|46,64,25,128,10,12,8,40,100
90442,2,140,60,33,100,32|35|38|41|46,70,28,140,10,12,8,40,100
90443,2,153,60,40,100,32|35|38|41|46,76,30,153,10,12,8,40,100
90444,2,192,60,50,100,32|35|38|41|46,96,38,192,10,12,8,40,100
90451,2,1065,470,203,710,740|800|871|955|1057,532,213,1065,25,30,20,20,200
90452,2,1171,470,237,710,740|800|871|955|1057,585,234,1171,25,30,20,20,200
90453,2,1278,470,284,710,740|800|871|955|1057,639,255,1278,25,30,20,20,200
90454,2,1597,470,355,710,740|800|871|955|1057,798,319,1597,25,30,20,20,200
90461,2,376,170,75,264,190|205|224|245|271,188,75,376,20,24,16,30,133
90462,2,413,170,88,264,190|205|224|245|271,206,82,413,20,24,16,30,133
90463,2,451,170,106,264,190|205|224|245|271,225,90,451,20,24,16,30,133
90464,2,564,170,132,264,190|205|224|245|271,282,112,564,20,24,16,30,133
90471,2,480,200,86,302,290|314|342|375|415,240,96,480,20,24,16,30,133
90472,2,528,200,101,302,290|314|342|375|415,264,105,528,20,24,16,30,133
90473,2,576,200,121,302,290|314|342|375|415,288,115,576,20,24,16,30,133
90474,2,720,200,151,302,290|314|342|375|415,360,144,720,20,24,16,30,133
90481,2,376,180,80,280,190|206|224|246|272,188,75,376,20,24,16,30,133
90482,2,413,180,93,280,190|206|224|246|272,206,82,413,20,24,16,30,133
90483,2,451,180,112,280,190|206|224|246|272,225,90,451,20,24,16,30,133
90484,2,564,180,140,280,190|206|224|246|272,282,112,564,20,24,16,30,133
90491,4,104,50,25,87,34|37|40|44|49,52,20,104,10,12,8,40,100
90492,4,114,50,29,87,34|37|40|44|49,57,22,114,10,12,8,40,100
90493,4,124,50,35,87,34|37|40|44|49,62,24,124,10,12,8,40,100
90494,4,156,50,44,87,34|37|40|44|49,78,31,156,10,12,8,40,100
90501,2,256,120,55,194,145|157|170|187|207,128,51,256,15,18,12,35,114
90502,2,281,120,65,194,145|157|170|187|207,140,56,281,15,18,12,35,114
90503,2,307,120,78,194,145|157|170|187|207,153,61,307,15,18,12,35,114
90504,2,384,120,97,194,145|157|170|187|207,192,76,384,15,18,12,35,114
90511,4,440,230,99,348,268|290|316|346|383,220,88,440,15,18,12,35,114
90512,4,484,230,116,348,268|290|316|346|383,242,96,484,15,18,12,35,114
90513,4,528,230,139,348,268|290|316|346|383,264,105,528,15,18,12,35,114
90514,4,660,230,174,348,268|290|316|346|383,330,132,660,15,18,12,35,114
90521,3,88,60,26,90,27|30|32|35|39,44,17,88,10,12,8,40,100
90522,3,96,60,30,90,27|30|32|35|39,48,19,96,10,12,8,40,100
90523,3,105,60,36,90,27|30|32|35|39,52,21,105,10,12,8,40,100
90524,3,132,60,45,90,27|30|32|35|39,66,26,132,10,12,8,40,100
90531,4,552,230,99,348,414|447|487|534|591,276,110,552,20,24,16,30,133
90532,4,607,230,116,348,414|447|487|534|591,303,121,607,20,24,16,30,133
90533,4,662,230,139,348,414|447|487|534|591,331,132,662,20,24,16,30,133
90534,4,828,230,174,348,414|447|487|534|591,414,165,828,20,24,16,30,133
90541,4,496,230,99,348,289|313|340|373|413,248,99,496,15,18,12,35,114
90542,4,545,230,116,348,289|313|340|373|413,272,109,545,15,18,12,35,114
90543,4,595,230,139,348,289|313|340|373|413,297,119,595,15,18,12,35,114
90544,4,744,230,174,348,289|313|340|373|413,372,148,744,15,18,12,35,114
90551,4,192,100,44,153,88|95|103|113|125,96,38,192,15,18,12,35,114
90552,4,211,100,51,153,88|95|103|113|125,105,42,211,15,18,12,35,114
90553,4,230,100,61,153,88|95|103|113|125,115,46,230,15,18,12,35,114
90554,4,288,100,77,153,88|95|103|113|125,144,57,288,15,18,12,35,114
90561,3,528,260,112,393,308|333|362|397|440,264,105,528,15,18,12,35,114
90562,3,580,260,131,393,308|333|362|397|440,290,116,580,15,18,12,35,114
90563,3,633,260,157,393,308|333|362|397|440,316,126,633,15,18,12,35,114
90564,3,792,260,197,393,308|333|362|397|440,396,158,792,15,18,12,35,114
90571,2,136,70,31,110,65|70|76|84|93,68,27,136,15,18,12,35,114
90572,2,149,70,37,110,65|70|76|84|93,74,29,149,15,18,12,35,114
90573,2,163,70,44,110,65|70|76|84|93,81,32,163,15,18,12,35,114
90574,2,204,70,55,110,65|70|76|84|93,102,40,204,15,18,12,35,114
90581,1,232,110,47,165,107|116|126|138|153,116,46,232,15,18,12,35,114
90582,1,255,110,55,165,107|116|126|138|153,127,51,255,15,18,12,35,114
90583,1,278,110,66,165,107|116|126|138|153,139,55,278,15,18,12,35,114
90584,1,348,110,83,165,107|116|126|138|153,174,69,348,15,18,12,35,114
90591,1,264,130,56,195,126|137|149|163|180,132,52,264,15,18,12,35,114
90592,1,290,130,65,195,126|137|149|163|180,145,58,290,15,18,12,35,114
90593,1,316,130,78,195,126|137|149|163|180,158,63,316,15,18,12,35,114
90594,1,396,130,98,195,126|137|149|163|180,198,79,396,15,18,12,35,114
90601,1,192,100,44,155,89|97|105|115|128,96,38,192,15,18,12,35,114
90602,1,211,100,52,155,89|97|105|115|128,105,42,211,15,18,12,35,114
90603,1,230,100,62,155,89|97|105|115|128,115,46,230,15,18,12,35,114
90604,1,288,100,78,155,89|97|105|115|128,144,57,288,15,18,12,35,114
90611,1,320,150,64,225,174|188|205|225|249,160,64,320,20,24,16,30,133
90612,1,352,150,75,225,174|188|205|225|249,176,70,352,20,24,16,30,133
90613,1,384,150,90,225,174|188|205|225|249,192,76,384,20,24,16,30,133
90614,1,480,150,113,225,174|188|205|225|249,240,96,480,20,24,16,30,133
90621,1,1357,630,273,954,1156|1250|1360|1492|1651,678,271,1357,25,30,20,20,200
90622,1,1492,630,318,954,1156|1250|1360|1492|1651,746,298,1492,25,30,20,20,200
90623,1,1628,630,382,954,1156|1250|1360|1492|1651,814,325,1628,25,30,20,20,200
90624,1,2035,630,477,954,1156|1250|1360|1492|1651,1017,407,2035,25,30,20,20,200
90631,1,248,120,54,188,114|123|134|147|162,124,49,248,15,18,12,35,114
90632,1,272,120,63,188,114|123|134|147|162,136,54,272,15,18,12,35,114
90633,1,297,120,75,188,114|123|134|147|162,148,59,297,15,18,12,35,114
90634,1,372,120,94,188,114|123|134|147|162,186,74,372,15,18,12,35,114
90641,1,408,180,77,270,229|248|270|296|327,204,81,408,20,24,16,30,133
90642,1,448,180,90,270,229|248|270|296|327,224,89,448,20,24,16,30,133
90643,1,489,180,108,270,229|248|270|296|327,244,97,489,20,24,16,30,133
90644,1,612,180,135,270,229|248|270|296|327,306,122,612,20,24,16,30,133
90651,1,240,120,54,188,139|150|163|179|198,120,48,240,15,18,12,35,114
90652,1,264,120,63,188,139|150|163|179|198,132,52,264,15,18,12,35,114
90653,1,288,120,75,188,139|150|163|179|198,144,57,288,15,18,12,35,114
90654,1,360,120,94,188,139|150|163|179|198,180,72,360,15,18,12,35,114
90661,1,112,50,25,86,62|67|73|80|88,56,22,112,15,18,12,35,114
90662,1,123,50,29,86,62|67|73|80|88,61,24,123,15,18,12,35,114
90663,1,134,50,34,86,62|67|73|80|88,67,26,134,15,18,12,35,114
90664,1,168,50,43,86,62|67|73|80|88,84,33,168,15,18,12,35,114
90671,1,1402,650,282,988,943|1019|1109|1216|1346,701,280,1402,25,30,20,20,200
90672,1,1542,650,329,988,943|1019|1109|1216|1346,771,308,1542,25,30,20,20,200
90673,1,1682,650,395,988,943|1019|1109|1216|1346,841,336,1682,25,30,20,20,200
90674,1,2103,650,494,988,943|1019|1109|1216|1346,1051,420,2103,25,30,20,20,200
90681,1,1252,580,252,882,874|944|1028|1127|1248,626,250,1252,25,30,20,20,200
90682,1,1377,580,294,882,874|944|1028|1127|1248,688,275,1377,25,30,20,20,200
90683,1,1502,580,353,882,874|944|1028|1127|1248,751,300,1502,25,30,20,20,200
90684,1,1878,580,441,882,874|944|1028|1127|1248,939,375,1878,25,30,20,20,200
90691,1,392,190,83,290,245|265|288|316|350,196,78,392,20,24,16,30,133
90692,1,431,190,97,290,245|265|288|316|350,215,86,431,20,24,16,30,133
90693,1,470,190,116,290,245|265|288|316|350,235,94,470,20,24,16,30,133
90694,1,588,190,145,290,245|265|288|316|350,294,117,588,20,24,16,30,133
90701,1,408,180,77,270,277|300|326|358|396,204,81,408,20,24,16,30,133
90702,1,448,180,90,270,277|300|326|358|396,224,89,448,20,24,16,30,133
90703,1,489,180,108,270,277|300|326|358|396,244,97,489,20,24,16,30,133
90704,1,612,180,135,270,277|300|326|358|396,306,122,612,20,24,16,30,133
90711,1,272,120,55,192,116|125|136|149|165,136,54,272,15,18,12,35,114
90712,1,299,120,64,192,116|125|136|149|165,149,59,299,15,18,12,35,114
90713,1,326,120,77,192,116|125|136|149|165,163,65,326,15,18,12,35,114
90714,1,408,120,96,192,116|125|136|149|165,204,81,408,15,18,12,35,114
90721,2,696,300,132,463,523|565|615|675|747,348,139,696,20,24,16,30,133
90722,2,765,300,154,463,523|565|615|675|747,382,153,765,20,24,16,30,133
90723,2,835,300,185,463,523|565|615|675|747,417,167,835,20,24,16,30,133
90724,2,1044,300,232,463,523|565|615|675|747,522,208,1044,20,24,16,30,133
90731,2,216,100,44,155,120|129|141|154|171,108,43,216,15,18,12,35,114
90732,2,237,100,52,155,120|129|141|154|171,118,47,237,15,18,12,35,114
90733,2,259,100,62,155,120|129|141|154|171,129,51,259,15,18,12,35,114
90734,2,324,100,78,155,120|129|141|154|171,162,64,324,15,18,12,35,114
90741,4,248,120,53,187,105|113|123|135|150,124,49,248,15,18,12,35,114
90742,4,272,120,62,187,105|113|123|135|150,136,54,272,15,18,12,35,114
90743,4,297,120,75,187,105|113|123|135|150,148,59,297,15,18,12,35,114
90744,4,372,120,94,187,105|113|123|135|150,186,74,372,15,18,12,35,114
90751,2,1852,820,353,1236,1486|1606|1748|1917|2123,926,370,1852,25,30,20,20,200
90752,2,2037,820,412,1236,1486|1606|1748|1917|2123,1018,407,2037,25,30,20,20,200
90753,2,2222,820,494,1236,1486|1606|1748|1917|2123,1111,444,2222,25,30,20,20,200
90754,2,2778,820,618,1236,1486|1606|1748|1917|2123,1389,555,2778,25,30,20,20,200
90761,1,885,370,162,566,594|642|699|766|849,442,177,885,25,30,20,20,200
90762,1,973,370,189,566,594|642|699|766|849,486,194,973,25,30,20,20,200
90763,1,1062,370,226,566,594|642|699|766|849,531,212,1062,25,30,20,20,200
90764,1,1327,370,283,566,594|642|699|766|849,663,265,1327,25,30,20,20,200
90771,3,1725,730,314,1099,1404|1517|1651|1811|2005,862,345,1725,25,30,20,20,200
90772,3,1897,730,366,1099,1404|1517|1651|1811|2005,948,379,1897,25,30,20,20,200
90773,3,2070,730,440,1099,1404|1517|1651|1811|2005,1035,414,2070,25,30,20,20,200
90774,3,2587,730,550,1099,1404|1517|1651|1811|2005,1293,517,2587,25,30,20,20,200
90781,3,1380,580,251,879,923|997|1085|1190|1318,690,276,1380,25,30,20,20,200
90782,3,1518,580,293,879,923|997|1085|1190|1318,759,303,1518,25,30,20,20,200
90783,3,1656,580,352,879,923|997|1085|1190|1318,828,331,1656,25,30,20,20,200
90784,3,2070,580,440,879,923|997|1085|1190|1318,1035,414,2070,25,30,20,20,200
90791,1,1575,630,273,956,1221|1319|1436|1575|1744,787,315,1575,25,30,20,20,200
90792,1,1732,630,319,956,1221|1319|1436|1575|1744,866,346,1732,25,30,20,20,200
90793,1,1890,630,382,956,1221|1319|1436|1575|1744,945,378,1890,25,30,20,20,200
90794,1,2362,630,478,956,1221|1319|1436|1575|1744,1181,472,2362,25,30,20,20,200
90801,2,480,200,86,300,240|259|282|310|343,240,96,480,20,24,16,30,133
90802,2,528,200,100,300,240|259|282|310|343,264,105,528,20,24,16,30,133
90803,2,576,200,120,300,240|259|282|310|343,288,115,576,20,24,16,30,133
90804,2,720,200,150,300,240|259|282|310|343,360,144,720,20,24,16,30,133
90811,3,448,190,84,295,224|242|264|289|320,224,89,448,20,24,16,30,133
90812,3,492,190,98,295,224|242|264|289|320,246,98,492,20,24,16,30,133
90813,3,537,190,118,295,224|242|264|289|320,268,107,537,20,24,16,30,133
90814,3,672,190,148,295,224|242|264|289|320,336,134,672,20,24,16,30,133
90821,2,1507,670,287,1005,1005|1086|1182|1297|1436,753,301,1507,25,30,20,20,200
90822,2,1657,670,335,1005,1005|1086|1182|1297|1436,828,331,1657,25,30,20,20,200
90823,2,1808,670,402,1005,1005|1086|1182|1297|1436,904,361,1808,25,30,20,20,200
90824,2,2260,670,503,1005,1005|1086|1182|1297|1436,1130,452,2260,25,30,20,20,200
90831,4,360,180,77,270,184|198|216|237|262,180,72,360,20,24,16,30,133
90832,4,396,180,90,270,184|198|216|237|262,198,79,396,20,24,16,30,133
90833,4,432,180,108,270,184|198|216|237|262,216,86,432,20,24,16,30,133
90834,4,540,180,135,270,184|198|216|237|262,270,108,540,20,24,16,30,133
90841,2,1365,600,260,910,910|984|1071|1174|1300,682,273,1365,25,30,20,20,200
90842,2,1501,600,303,910,910|984|1071|1174|1300,750,300,1501,25,30,20,20,200
90843,2,1638,600,364,910,910|984|1071|1174|1300,819,327,1638,25,30,20,20,200
90844,2,2047,600,455,910,910|984|1071|1174|1300,1023,409,2047,25,30,20,20,200
90851,4,1432,600,261,914,960|1037|1129|1238|1371,716,286,1432,25,30,20,20,200
90852,4,1575,600,305,914,960|1037|1129|1238|1371,787,315,1575,25,30,20,20,200
90853,4,1718,600,366,914,960|1037|1129|1238|1371,859,343,1718,25,30,20,20,200
90854,4,2148,600,457,914,960|1037|1129|1238|1371,1074,429,2148,25,30,20,20,200
90861,4,216,120,51,180,111|120|131|143|159,108,43,216,15,18,12,35,114
90862,4,237,120,60,180,111|120|131|143|159,118,47,237,15,18,12,35,114
90863,4,259,120,72,180,111|120|131|143|159,129,51,259,15,18,12,35,114
90864,4,324,120,90,180,111|120|131|143|159,162,64,324,15,18,12,35,114
90871,4,296,140,60,210,140|152|165|181|201,148,59,296,15,18,12,35,114
90872,4,325,140,70,210,140|152|165|181|201,162,65,325,15,18,12,35,114
90873,4,355,140,84,210,140|152|165|181|201,177,71,355,15,18,12,35,114
90874,4,444,140,105,210,140|152|165|181|201,222,88,444,15,18,12,35,114
90881,4,448,190,84,295,328|355|386|423|469,224,89,448,20,24,16,30,133
90882,4,492,190,98,295,328|355|386|423|469,246,98,492,20,24,16,30,133
90883,4,537,190,118,295,328|355|386|423|469,268,107,537,20,24,16,30,133
90884,4,672,190,148,295,328|355|386|423|469,336,134,672,20,24,16,30,133
90891,1,1147,530,230,806,794|858|934|1024|1134,573,229,1147,25,30,20,20,200
90892,1,1261,530,269,806,794|858|934|1024|1134,630,252,1261,25,30,20,20,200
90893,1,1376,530,322,806,794|858|934|1024|1134,688,275,1376,25,30,20,20,200
90894,1,1720,530,403,806,794|858|934|1024|1134,860,344,1720,25,30,20,20,200
90901,1,1522,610,264,924,1073|1160|1262|1385|1533,761,304,1522,25,30,20,20,200
90902,1,1674,610,308,924,1073|1160|1262|1385|1533,837,334,1674,25,30,20,20,200
90903,1,1826,610,370,924,1073|1160|1262|1385|1533,913,365,1826,25,30,20,20,200
90904,1,2283,610,462,924,1073|1160|1262|1385|1533,1141,456,2283,25,30,20,20,200
90911,1,1245,580,251,878,1003|1084|1180|1294|1433,622,249,1245,25,30,20,20,200
90912,1,1369,580,293,878,1003|1084|1180|1294|1433,684,273,1369,25,30,20,20,200
90913,1,1494,580,351,878,1003|1084|1180|1294|1433,747,298,1494,25,30,20,20,200
90914,1,1867,580,439,878,1003|1084|1180|1294|1433,933,373,1867,25,30,20,20,200
90921,1,1605,640,278,974,1153|1246|1356|1488|1647,802,321,1605,25,30,20,20,200
90922,1,1765,640,325,974,1153|1246|1356|1488|1647,882,353,1765,25,30,20,20,200
90923,1,1926,640,390,974,1153|1246|1356|1488|1647,963,385,1926,25,30,20,20,200
90924,1,2407,640,487,974,1153|1246|1356|1488|1647,1203,481,2407,25,30,20,20,200
90931,2,416,180,78,274,208|225|245|268|297,208,83,416,20,24,16,30,133
90932,2,457,180,91,274,208|225|245|268|297,228,91,457,20,24,16,30,133
90933,2,499,180,110,274,208|225|245|268|297,249,99,499,20,24,16,30,133
90934,2,624,180,137,274,208|225|245|268|297,312,124,624,20,24,16,30,133
90941,2,376,180,80,280,210|227|248|271|301,188,75,376,20,24,16,30,133
90942,2,413,180,93,280,210|227|248|271|301,206,82,413,20,24,16,30,133
90943,2,451,180,112,280,210|227|248|271|301,225,90,451,20,24,16,30,133
90944,2,564,180,140,280,210|227|248|271|301,282,112,564,20,24,16,30,133
90951,2,464,230,99,345,336|364|396|434|481,232,92,464,20,24,16,30,133
90952,2,510,230,115,345,336|364|396|434|481,255,102,510,20,24,16,30,133
90953,2,556,230,138,345,336|364|396|434|481,278,111,556,20,24,16,30,133
90954,2,696,230,173,345,336|364|396|434|481,348,139,696,20,24,16,30,133
90961,2,280,140,60,210,191|206|224|246|273,140,56,280,20,24,16,30,133
90962,2,308,140,70,210,191|206|224|246|273,154,61,308,20,24,16,30,133
90963,2,336,140,84,210,191|206|224|246|273,168,67,336,20,24,16,30,133
90964,2,420,140,105,210,191|206|224|246|273,210,84,420,20,24,16,30,133
90971,3,408,170,73,255,204|221|240|263|291,204,81,408,20,24,16,30,133
90972,3,448,170,85,255,204|221|240|263|291,224,89,448,20,24,16,30,133
90973,3,489,170,102,255,204|221|240|263|291,244,97,489,20,24,16,30,133
90974,3,612,170,128,255,204|221|240|263|291,306,122,612,20,24,16,30,133
90981,3,1185,500,216,755,793|857|932|1023|1132,592,237,1185,25,30,20,20,200
90982,3,1303,500,252,755,793|857|932|1023|1132,651,260,1303,25,30,20,20,200
90983,3,1422,500,302,755,793|857|932|1023|1132,711,284,1422,25,30,20,20,200
90984,3,1777,500,378,755,793|857|932|1023|1132,888,355,1777,25,30,20,20,200
90991,3,424,180,80,280,213|230|250|275|304,212,84,424,20,24,16,30,133
90992,3,466,180,93,280,213|230|250|275|304,233,93,466,20,24,16,30,133
90993,3,508,180,112,280,213|230|250|275|304,254,101,508,20,24,16,30,133
90994,3,636,180,140,280,213|230|250|275|304,318,127,636,20,24,16,30,133
91001,3,1530,650,279,975,1024|1106|1204|1321|1462,765,306,1530,25,30,20,20,200
91002,3,1683,650,325,975,1024|1106|1204|1321|1462,841,336,1683,25,30,20,20,200
91003,3,1836,650,390,975,1024|1106|1204|1321|1462,918,367,1836,25,30,20,20,200
91004,3,2295,650,488,975,1024|1106|1204|1321|1462,1147,459,2295,25,30,20,20,200
91011,3,1762,780,336,1175,1425|1541|1676|1839|2036,881,352,1762,25,30,20,20,200
91012,3,1938,780,392,1175,1425|1541|1676|1839|2036,969,387,1938,25,30,20,20,200
91013,3,2114,780,470,1175,1425|1541|1676|1839|2036,1057,422,2114,25,30,20,20,200
91014,3,2643,780,588,1175,1425|1541|1676|1839|2036,1321,528,2643,25,30,20,20,200
91021,4,432,180,77,270,222|240|261|286|317,216,86,432,20,24,16,30,133
91022,4,475,180,90,270,222|240|261|286|317,237,95,475,20,24,16,30,133
91023,4,518,180,108,270,222|240|261|286|317,259,103,518,20,24,16,30,133
91024,4,648,180,135,270,222|240|261|286|317,324,129,648,20,24,16,30,133
91031,4,360,170,76,265,252|272|296|325|360,180,72,360,20,24,16,30,133
91032,4,396,170,88,265,252|272|296|325|360,198,79,396,20,24,16,30,133
91033,4,432,170,106,265,252|272|296|325|360,216,86,432,20,24,16,30,133
91034,4,540,170,133,265,252|272|296|325|360,270,108,540,20,24,16,30,133
91041,4,1762,710,306,1070,1202|1299|1414|1551|1717,881,352,1762,25,30,20,20,200
91042,4,1938,710,357,1070,1202|1299|1414|1551|1717,969,387,1938,25,30,20,20,200
91043,4,2114,710,428,1070,1202|1299|1414|1551|1717,1057,422,2114,25,30,20,20,200
91044,4,2643,710,535,1070,1202|1299|1414|1551|1717,1321,528,2643,25,30,20,20,200
91051,2,1597,640,278,972,1165|1259|1371|1503|1664,798,319,1597,25,30,20,20,200
91052,2,1756,640,324,972,1165|1259|1371|1503|1664,878,351,1756,25,30,20,20,200
91053,2,1916,640,389,972,1165|1259|1371|1503|1664,958,383,1916,25,30,20,20,200
91054,2,2395,640,486,972,1165|1259|1371|1503|1664,1197,479,2395,25,30,20,20,200
91061,2,1890,880,380,1330,1444|1561|1698|1863|2062,945,378,1890,25,30,20,20,200
91062,2,2079,880,443,1330,1444|1561|1698|1863|2062,1039,415,2079,25,30,20,20,200
91063,2,2268,880,532,1330,1444|1561|1698|1863|2062,1134,453,2268,25,30,20,20,200
91064,2,2835,880,665,1330,1444|1561|1698|1863|2062,1417,567,2835,25,30,20,20,200
91071,2,424,180,81,282,214|231|252|276|306,212,84,424,20,24,16,30,133
91072,2,466,180,94,282,214|231|252|276|306,233,93,466,20,24,16,30,133
91073,2,508,180,113,282,214|231|252|276|306,254,101,508,20,24,16,30,133
91074,2,636,180,141,282,214|231|252|276|306,318,127,636,20,24,16,30,133
91081,4,1395,650,281,984,1185|1281|1394|1528|1692,697,279,1395,25,30,20,20,200
91082,4,1534,650,328,984,1185|1281|1394|1528|1692,767,306,1534,25,30,20,20,200
91083,4,1674,650,394,984,1185|1281|1394|1528|1692,837,334,1674,25,30,20,20,200
91084,4,2092,650,492,984,1185|1281|1394|1528|1692,1046,418,2092,25,30,20,20,200
91091,2,240,120,54,190,91|99|107|118|130,120,48,240,15,18,12,35,114
91092,2,264,120,63,190,91|99|107|118|130,132,52,264,15,18,12,35,114
91093,2,288,120,76,190,91|99|107|118|130,144,57,288,15,18,12,35,114
91094,2,360,120,95,190,91|99|107|118|130,180,72,360,15,18,12,35,114
91101,3,1500,600,260,910,1251|1352|1472|1614|1787,750,300,1500,25,30,20,20,200
91102,3,1650,600,303,910,1251|1352|1472|1614|1787,825,330,1650,25,30,20,20,200
91103,3,1800,600,364,910,1251|1352|1472|1614|1787,900,360,1800,25,30,20,20,200
91104,3,2250,600,455,910,1251|1352|1472|1614|1787,1125,450,2250,25,30,20,20,200
91111,3,1927,810,350,1225,1536|1661|1807|1982|2194,963,385,1927,25,30,20,20,200
91112,3,2119,810,408,1225,1536|1661|1807|1982|2194,1059,423,2119,25,30,20,20,200
91113,3,2312,810,490,1225,1536|1661|1807|1982|2194,1156,462,2312,25,30,20,20,200
91114,3,2890,810,613,1225,1536|1661|1807|1982|2194,1445,578,2890,25,30,20,20,200
91121,3,1380,560,240,840,1174|1269|1381|1515|1677,690,276,1380,25,30,20,20,200
91122,3,1518,560,280,840,1174|1269|1381|1515|1677,759,303,1518,25,30,20,20,200
91123,3,1656,560,336,840,1174|1269|1381|1515|1677,828,331,1656,25,30,20,20,200
91124,3,2070,560,420,840,1174|1269|1381|1515|1677,1035,414,2070,25,30,20,20,200
91131,3,432,200,87,305,220|237|258|283|314,216,86,432,20,24,16,30,133
91132,3,475,200,102,305,220|237|258|283|314,237,95,475,20,24,16,30,133
91133,3,518,200,122,305,220|237|258|283|314,259,103,518,20,24,16,30,133
91134,3,648,200,153,305,220|237|258|283|314,324,129,648,20,24,16,30,133
91141,3,1530,680,291,1020,1020|1103|1200|1316|1457,765,306,1530,25,30,20,20,200
91142,3,1683,680,340,1020,1020|1103|1200|1316|1457,841,336,1683,25,30,20,20,200
91143,3,1836,680,408,1020,1020|1103|1200|1316|1457,918,367,1836,25,30,20,20,200
91144,3,2295,680,510,1020,1020|1103|1200|1316|1457,1147,459,2295,25,30,20,20,200
91151,4,504,240,107,373,292|315|343|376|417,252,100,504,15,18,12,35,114
91152,4,554,240,124,373,292|315|343|376|417,277,110,554,15,18,12,35,114
91153,4,604,240,149,373,292|315|343|376|417,302,120,604,15,18,12,35,114
91154,4,756,240,187,373,292|315|343|376|417,378,151,756,15,18,12,35,114
91161,3,696,300,132,463,523|565|615|675|747,348,139,696,20,24,16,30,133
91162,3,765,300,154,463,523|565|615|675|747,382,153,765,20,24,16,30,133
91163,3,835,300,185,463,523|565|615|675|747,417,167,835,20,24,16,30,133
91164,3,1044,300,232,463,523|565|615|675|747,522,208,1044,20,24,16,30,133
91171,3,1395,650,280,980,1181|1277|1389|1524|1687,697,279,1395,25,30,20,20,200
91172,3,1534,650,327,980,1181|1277|1389|1524|1687,767,306,1534,25,30,20,20,200
91173,3,1674,650,392,980,1181|1277|1389|1524|1687,837,334,1674,25,30,20,20,200
91174,3,2092,650,490,980,1181|1277|1389|1524|1687,1046,418,2092,25,30,20,20,200
91181,4,504,210,90,315,252|272|296|325|360,252,100,504,20,24,16,30,133
91182,4,554,210,105,315,252|272|296|325|360,277,110,554,20,24,16,30,133
91183,4,604,210,126,315,252|272|296|325|360,302,120,604,20,24,16,30,133
91184,4,756,210,158,315,252|272|296|325|360,378,151,756,20,24,16,30,133
91191,4,408,190,81,285,301|326|354|389|430,204,81,408,20,24,16,30,133
91192,4,448,190,95,285,301|326|354|389|430,224,89,448,20,24,16,30,133
91193,4,489,190,114,285,301|326|354|389|430,244,97,489,20,24,16,30,133
91194,4,612,190,143,285,301|326|354|389|430,306,122,612,20,24,16,30,133
91201,2,1297,570,247,865,1115|1205|1312|1439|1593,648,259,1297,25,30,20,20,200
91202,2,1426,570,288,865,1115|1205|1312|1439|1593,713,285,1426,25,30,20,20,200
91203,2,1556,570,346,865,1115|1205|1312|1439|1593,778,311,1556,25,30,20,20,200
91204,2,1945,570,433,865,1115|1205|1312|1439|1593,972,389,1945,25,30,20,20,200
91211,2,2520,1140,490,1715,2051|2217|2412|2646|2929,1260,504,2520,25,30,20,20,200
91212,2,2772,1140,572,1715,2051|2217|2412|2646|2929,1386,554,2772,25,30,20,20,200
91213,2,3024,1140,686,1715,2051|2217|2412|2646|2929,1512,604,3024,25,30,20,20,200
91214,2,3780,1140,858,1715,2051|2217|2412|2646|2929,1890,756,3780,25,30,20,20,200
91221,4,1665,780,334,1170,1362|1472|1602|1757|1945,832,333,1665,25,30,20,20,200
91222,4,1831,780,390,1170,1362|1472|1602|1757|1945,915,366,1831,25,30,20,20,200
91223,4,1998,780,468,1170,1362|1472|1602|1757|1945,999,399,1998,25,30,20,20,200
91224,4,2497,780,585,1170,1362|1472|1602|1757|1945,1248,499,2497,25,30,20,20,200
91231,4,488,240,103,360,281|304|330|362|401,244,97,488,20,24,16,30,133
91232,4,536,240,120,360,281|304|330|362|401,268,107,536,20,24,16,30,133
91233,4,585,240,144,360,281|304|330|362|401,292,117,585,20,24,16,30,133
91234,4,732,240,180,360,281|304|330|362|401,366,146,732,20,24,16,30,133
91241,4,1950,860,371,1300,1550|1676|1824|2000|2214,975,390,1950,25,30,20,20,200
91242,4,2145,860,433,1300,1550|1676|1824|2000|2214,1072,429,2145,25,30,20,20,200
91243,4,2340,860,520,1300,1550|1676|1824|2000|2214,1170,468,2340,25,30,20,20,200
91244,4,2925,860,650,1300,1550|1676|1824|2000|2214,1462,585,2925,25,30,20,20,200
91251,4,990,420,180,630,842|910|990|1086|1202,495,198,990,25,30,20,20,200
91252,4,1089,420,210,630,842|910|990|1086|1202,544,217,1089,25,30,20,20,200
91253,4,1188,420,252,630,842|910|990|1086|1202,594,237,1188,25,30,20,20,200
91254,4,1485,420,315,630,842|910|990|1086|1202,742,297,1485,25,30,20,20,200
91261,2,96,50,23,82,39|42|46|50|56,48,19,96,10,12,8,40,100
91262,2,105,50,27,82,39|42|46|50|56,52,21,105,10,12,8,40,100
91263,2,115,50,33,82,39|42|46|50|56,57,23,115,10,12,8,40,100
91264,2,144,50,41,82,39|42|46|50|56,72,28,144,10,12,8,40,100
91271,1,592,290,125,438,352|380|414|454|502,296,118,592,15,18,12,35,114
91272,1,651,290,146,438,352|380|414|454|502,325,130,651,15,18,12,35,114
91273,1,710,290,175,438,352|380|414|454|502,355,142,710,15,18,12,35,114
91274,1,888,290,219,438,352|380|414|454|502,444,177,888,15,18,12,35,114
91281,2,88,60,26,92,30|33|36|39|43,44,17,88,10,12,8,40,100
91282,2,96,60,31,92,30|33|36|39|43,48,19,96,10,12,8,40,100
91283,2,105,60,37,92,30|33|36|39|43,52,21,105,10,12,8,40,100
91284,2,132,60,46,92,30|33|36|39|43,66,26,132,10,12,8,40,100
91291,1,1710,720,311,1090,1395|1508|1641|1799|1992,855,342,1710,25,30,20,20,200
91292,1,1881,720,363,1090,1395|1508|1641|1799|1992,940,376,1881,25,30,20,20,200
91293,1,2052,720,436,1090,1395|1508|1641|1799|1992,1026,410,2052,25,30,20,20,200
91294,1,2565,720,545,1090,1395|1508|1641|1799|1992,1282,513,2565,25,30,20,20,200
91301,1,1837,860,369,1290,1476|1595|1736|1904|2108,918,367,1837,25,30,20,20,200
91302,1,2020,860,430,1290,1476|1595|1736|1904|2108,1010,404,2020,25,30,20,20,200
91303,1,2204,860,516,1290,1476|1595|1736|1904|2108,1102,440,2204,25,30,20,20,200
91304,1,2755,860,645,1290,1476|1595|1736|1904|2108,1377,551,2755,25,30,20,20,200
91311,1,104,60,29,102,47|51|55|60|67,52,20,104,10,12,8,40,100
91312,1,114,60,34,102,47|51|55|60|67,57,22,114,10,12,8,40,100
91313,1,124,60,41,102,47|51|55|60|67,62,24,124,10,12,8,40,100
91314,1,156,60,51,102,47|51|55|60|67,78,31,156,10,12,8,40,100
91321,1,1560,660,283,992,1292|1396|1519|1666|1845,780,312,1560,25,30,20,20,200
91322,1,1716,660,331,992,1292|1396|1519|1666|1845,858,343,1716,25,30,20,20,200
91323,1,1872,660,397,992,1292|1396|1519|1666|1845,936,374,1872,25,30,20,20,200
91324,1,2340,660,496,992,1292|1396|1519|1666|1845,1170,468,2340,25,30,20,20,200
91331,2,272,130,58,204,165|178|194|213|236,136,54,272,15,18,12,35,114
91332,2,299,130,68,204,165|178|194|213|236,149,59,299,15,18,12,35,114
91333,2,326,130,82,204,165|178|194|213|236,163,65,326,15,18,12,35,114
91334,2,408,130,102,204,165|178|194|213|236,204,81,408,15,18,12,35,114
91341,1,440,230,99,348,271|293|319|350|387,220,88,440,15,18,12,35,114
91342,1,484,230,116,348,271|293|319|350|387,242,96,484,15,18,12,35,114
91343,1,528,230,139,348,271|293|319|350|387,264,105,528,15,18,12,35,114
91344,1,660,230,174,348,271|293|319|350|387,330,132,660,15,18,12,35,114
91351,4,96,60,26,92,44|48|52|57|63,48,19,96,10,12,8,40,100
91352,4,105,60,31,92,44|48|52|57|63,52,21,105,10,12,8,40,100
91353,4,115,60,37,92,44|48|52|57|63,57,23,115,10,12,8,40,100
91354,4,144,60,46,92,44|48|52|57|63,72,28,144,10,12,8,40,100
91361,5,96,50,25,87,42|45|49|54|59,48,19,96,10,12,8,40,100
91362,5,105,50,29,87,42|45|49|54|59,52,21,105,10,12,8,40,100
91363,5,115,50,35,87,42|45|49|54|59,57,23,115,10,12,8,40,100
91364,5,144,50,44,87,42|45|49|54|59,72,28,144,10,12,8,40,100
91371,4,592,270,118,413,462|500|544|597|661,296,118,592,20,24,16,30,133
91372,4,651,270,138,413,462|500|544|597|661,325,130,651,20,24,16,30,133
91373,4,710,270,165,413,462|500|544|597|661,355,142,710,20,24,16,30,133
91374,4,888,270,207,413,462|500|544|597|661,444,177,888,20,24,16,30,133
91381,3,825,380,166,580,641|693|754|827|915,412,165,825,20,24,16,30,133
91382,3,907,380,193,580,641|693|754|827|915,453,181,907,20,24,16,30,133
91383,3,990,380,232,580,641|693|754|827|915,495,198,990,20,24,16,30,133
91384,3,1237,380,290,580,641|693|754|827|915,618,247,1237,20,24,16,30,133
91391,3,2471,1070,459,1608,2019|2182|2375|2605|2884,1235,494,2471,25,30,20,20,200
91392,3,2718,1070,536,1608,2019|2182|2375|2605|2884,1359,543,2718,25,30,20,20,200
91393,3,2965,1070,643,1608,2019|2182|2375|2605|2884,1482,593,2965,25,30,20,20,200
91394,3,3706,1070,804,1608,2019|2182|2375|2605|2884,1853,741,3706,25,30,20,20,200
91401,3,680,290,128,448,520|562|611|670|742,340,136,680,20,24,16,30,133
91402,3,748,290,149,448,520|562|611|670|742,374,149,748,20,24,16,30,133
91403,3,816,290,179,448,520|562|611|670|742,408,163,816,20,24,16,30,133
91404,3,1020,290,224,448,520|562|611|670|742,510,204,1020,20,24,16,30,133
91411,1,2506,1190,511,1790,2040|2205|2400|2632|2914,1253,501,2506,25,30,20,20,200
91412,1,2756,1190,597,1790,2040|2205|2400|2632|2914,1378,551,2756,25,30,20,20,200
91413,1,3007,1190,716,1790,2040|2205|2400|2632|2914,1503,601,3007,25,30,20,20,200
91414,1,3759,1190,895,1790,2040|2205|2400|2632|2914,1879,751,3759,25,30,20,20,200
91421,1,488,240,103,360,389|420|457|502|555,244,97,488,20,24,16,30,133
91422,1,536,240,120,360,389|420|457|502|555,268,107,536,20,24,16,30,133
91423,1,585,240,144,360,389|420|457|502|555,292,117,585,20,24,16,30,133
91424,1,732,240,180,360,389|420|457|502|555,366,146,732,20,24,16,30,133
91431,4,512,240,103,360,403|436|474|520|576,256,102,512,20,24,16,30,133
91432,4,563,240,120,360,403|436|474|520|576,281,112,563,20,24,16,30,133
91433,4,614,240,144,360,403|436|474|520|576,307,122,614,20,24,16,30,133
91434,4,768,240,180,360,403|436|474|520|576,384,153,768,20,24,16,30,133
91441,4,1350,600,257,900,1150|1243|1353|1484|1643,675,270,1350,25,30,20,20,200
91442,4,1485,600,300,900,1150|1243|1353|1484|1643,742,297,1485,25,30,20,20,200
91443,4,1620,600,360,900,1150|1243|1353|1484|1643,810,324,1620,25,30,20,20,200
91444,4,2025,600,450,900,1150|1243|1353|1484|1643,1012,405,2025,25,30,20,20,200
91451,4,656,300,131,458,513|554|603|662|733,328,131,656,20,24,16,30,133
91452,4,721,300,153,458,513|554|603|662|733,360,144,721,20,24,16,30,133
91453,4,787,300,183,458,513|554|603|662|733,393,157,787,20,24,16,30,133
91454,4,984,300,229,458,513|554|603|662|733,492,196,984,20,24,16,30,133
91461,4,1710,720,311,1090,1395|1508|1641|1799|1992,855,342,1710,25,30,20,20,200
91462,4,1881,720,363,1090,1395|1508|1641|1799|1992,940,376,1881,25,30,20,20,200
91463,4,2052,720,436,1090,1395|1508|1641|1799|1992,1026,410,2052,25,30,20,20,200
91464,4,2565,720,545,1090,1395|1508|1641|1799|1992,1282,513,2565,25,30,20,20,200
91471,2,424,200,90,314,339|366|399|437|484,212,84,424,20,24,16,30,133
91472,2,466,200,105,314,339|366|399|437|484,233,93,466,20,24,16,30,133
91473,2,508,200,126,314,339|366|399|437|484,254,101,508,20,24,16,30,133
91474,2,636,200,157,314,339|366|399|437|484,318,127,636,20,24,16,30,133
91481,4,248,140,61,212,159|172|187|205|227,124,49,248,15,18,12,35,114
91482,4,272,140,71,212,159|172|187|205|227,136,54,272,15,18,12,35,114
91483,4,297,140,85,212,159|172|187|205|227,148,59,297,15,18,12,35,114
91484,4,372,140,106,212,159|172|187|205|227,186,74,372,15,18,12,35,114
91491,3,1815,800,346,1210,1460|1578|1718|1884|2086,907,363,1815,25,30,20,20,200
91492,3,1996,800,403,1210,1460|1578|1718|1884|2086,998,399,1996,25,30,20,20,200
91493,3,2178,800,484,1210,1460|1578|1718|1884|2086,1089,435,2178,25,30,20,20,200
91494,3,2722,800,605,1210,1460|1578|1718|1884|2086,1361,544,2722,25,30,20,20,200
95001,5,232,145,49,170,174|185|197|208|232,116,46,232,15,18,12,35,114
95002,5,255,159,57,170,174|185|197|208|232,127,51,255,15,18,12,35,114
95003,5,278,174,68,170,174|185|197|208|232,139,55,278,15,18,12,35,114
95004,5,348,217,85,170,174|185|197|208|232,174,69,348,15,18,12,35,114
95011,5,176,110,37,130,132|140|149|158|176,88,35,176,15,18,12,35,114
95012,5,193,121,43,130,132|140|149|158|176,96,38,193,15,18,12,35,114
95013,5,211,132,52,130,132|140|149|158|176,105,42,211,15,18,12,35,114
95014,5,264,165,65,130,132|140|149|158|176,132,52,264,15,18,12,35,114
95021,5,200,125,46,160,150|160|170|180|200,100,40,200,15,18,12,35,114
95022,5,220,137,53,160,150|160|170|180|200,110,44,220,15,18,12,35,114
95023,5,240,150,64,160,150|160|170|180|200,120,48,240,15,18,12,35,114
95024,5,300,187,80,160,150|160|170|180|200,150,60,300,15,18,12,35,114
95031,5,248,155,46,160,186|198|210|223|248,124,49,248,15,18,12,35,114
95032,5,272,170,53,160,186|198|210|223|248,136,54,272,15,18,12,35,114
95033,5,297,186,64,160,186|198|210|223|248,148,59,297,15,18,12,35,114
95034,5,372,232,80,160,186|198|210|223|248,186,74,372,15,18,12,35,114
95041,5,344,215,60,210,258|275|292|309|344,172,68,344,15,18,12,35,114
95042,5,378,236,70,210,258|275|292|309|344,189,75,378,15,18,12,35,114
95043,5,412,258,84,210,258|275|292|309|344,206,82,412,15,18,12,35,114
95044,5,516,322,105,210,258|275|292|309|344,258,103,516,15,18,12,35,114
95051,5,464,290,86,300,348|371|394|417|464,232,92,464,15,18,12,35,114
95052,5,510,319,100,300,348|371|394|417|464,255,102,510,15,18,12,35,114
95053,5,556,348,120,300,348|371|394|417|464,278,111,556,15,18,12,35,114
95054,5,696,435,150,300,348|371|394|417|464,348,139,696,15,18,12,35,114
95061,5,368,230,63,220,276|294|312|331|368,184,73,368,15,18,12,35,114
95062,5,404,253,73,220,276|294|312|331|368,202,80,404,15,18,12,35,114
95063,5,441,276,88,220,276|294|312|331|368,220,88,441,15,18,12,35,114
95064,5,552,345,110,220,276|294|312|331|368,276,110,552,15,18,12,35,114
95071,5,216,135,46,160,162|172|183|194|216,108,43,216,15,18,12,35,114
95072,5,237,148,53,160,162|172|183|194|216,118,47,237,15,18,12,35,114
95073,5,259,162,64,160,162|172|183|194|216,129,51,259,15,18,12,35,114
95074,5,324,202,80,160,162|172|183|194|216,162,64,324,15,18,12,35,114
95081,5,464,290,89,310,348|371|394|417|464,232,92,464,15,18,12,35,114
95082,5,510,319,103,310,348|371|394|417|464,255,102,510,15,18,12,35,114
95083,5,556,348,124,310,348|371|394|417|464,278,111,556,15,18,12,35,114
95084,5,696,435,155,310,348|371|394|417|464,348,139,696,15,18,12,35,114
95091,5,352,220,69,240,264|281|299|316|352,176,70,352,15,18,12,35,114
95092,5,387,242,80,240,264|281|299|316|352,193,77,387,15,18,12,35,114
95093,5,422,264,96,240,264|281|299|316|352,211,84,422,15,18,12,35,114
95094,5,528,330,120,240,264|281|299|316|352,264,105,528,15,18,12,35,114
95101,5,384,240,71,250,288|307|326|345|384,192,76,384,15,18,12,35,114
95102,5,422,264,83,250,288|307|326|345|384,211,84,422,15,18,12,35,114
95103,5,460,288,100,250,288|307|326|345|384,230,92,460,15,18,12,35,114
95104,5,576,360,125,250,288|307|326|345|384,288,115,576,15,18,12,35,114
95111,5,232,145,43,150,174|185|197|208|232,116,46,232,15,18,12,35,114
95112,5,255,159,50,150,174|185|197|208|232,127,51,255,15,18,12,35,114
95113,5,278,174,60,150,174|185|197|208|232,139,55,278,15,18,12,35,114
95114,5,348,217,75,150,174|185|197|208|232,174,69,348,15,18,12,35,114
95121,5,384,150,68,238,288|307|326|345|384,192,76,384,15,18,12,35,114
95122,5,422,150,79,238,288|307|326|345|384,211,84,422,15,18,12,35,114
95123,5,460,200,124,310,288|307|326|345|384,230,92,460,15,18,12,35,114
95124,5,576,200,155,310,288|307|326|345|384,288,115,576,15,18,12,35,114
95131,5,499,200,89,310,374|399|424|449|499,249,99,499,15,18,12,35,114
95132,5,548,200,103,310,374|399|424|449|499,274,109,548,15,18,12,35,114
95133,5,598,150,95,238,374|399|424|449|499,299,119,598,15,18,12,35,114
95134,5,748,150,119,238,374|399|424|449|499,374,149,748,15,18,12,35,114
95141,5,416,200,89,310,312|332|353|374|416,208,83,416,15,18,12,35,114
95142,5,457,200,103,310,312|332|353|374|416,228,91,457,15,18,12,35,114
95143,5,499,200,124,310,312|332|353|374|416,249,99,499,15,18,12,35,114
95144,5,624,200,155,310,312|332|353|374|416,312,124,624,15,18,12,35,114
95151,5,384,150,68,238,288|307|326|345|384,192,76,384,15,18,12,35,114
95152,5,422,150,79,238,288|307|326|345|384,211,84,422,15,18,12,35,114
95153,5,460,200,124,310,288|307|326|345|384,230,92,460,15,18,12,35,114
95154,5,576,200,155,310,288|307|326|345|384,288,115,576,15,18,12,35,114
95161,5,499,200,89,310,374|399|424|449|499,249,99,499,15,18,12,35,114
95162,5,548,200,103,310,374|399|424|449|499,274,109,548,15,18,12,35,114
95163,5,598,150,95,238,374|399|424|449|499,299,119,598,15,18,12,35,114
95164,5,748,150,119,238,374|399|424|449|499,374,149,748,15,18,12,35,114
95171,5,416,200,89,310,312|332|353|374|416,208,83,416,15,18,12,35,114
95172,5,457,200,103,310,312|332|353|374|416,228,91,457,15,18,12,35,114
95173,5,499,200,124,310,312|332|353|374|416,249,99,499,15,18,12,35,114
95174,5,624,200,155,310,312|332|353|374|416,312,124,624,15,18,12,35,114
95181,5,384,150,68,238,288|307|326|345|384,192,76,384,15,18,12,35,114
95182,5,422,150,79,238,288|307|326|345|384,211,84,422,15,18,12,35,114
95183,5,460,200,124,310,288|307|326|345|384,230,92,460,15,18,12,35,114
95184,5,576,200,155,310,288|307|326|345|384,288,115,576,15,18,12,35,114
95191,5,499,200,89,310,374|399|424|449|499,249,99,499,15,18,12,35,114
95192,5,548,200,103,310,374|399|424|449|499,274,109,548,15,18,12,35,114
95193,5,598,150,95,238,374|399|424|449|499,299,119,598,15,18,12,35,114
95194,5,748,150,119,238,374|399|424|449|499,374,149,748,15,18,12,35,114
95201,5,416,200,89,310,312|332|353|374|416,208,83,416,15,18,12,35,114
95202,5,457,200,103,310,312|332|353|374|416,228,91,457,15,18,12,35,114
95203,5,499,200,124,310,312|332|353|374|416,249,99,499,15,18,12,35,114
95204,5,624,200,155,310,312|332|353|374|416,312,124,624,15,18,12,35,114
95211,5,384,150,68,238,288|307|326|345|384,192,76,384,15,18,12,35,114
95212,5,422,150,79,238,288|307|326|345|384,211,84,422,15,18,12,35,114
95213,5,460,200,124,310,288|307|326|345|384,230,92,460,15,18,12,35,114
95214,5,576,200,155,310,288|307|326|345|384,288,115,576,15,18,12,35,114
95221,5,499,200,89,310,374|399|424|449|499,249,99,499,15,18,12,35,114
95222,5,548,200,103,310,374|399|424|449|499,274,109,548,15,18,12,35,114
95223,5,598,150,95,238,374|399|424|449|499,299,119,598,15,18,12,35,114
95224,5,748,150,119,238,374|399|424|449|499,374,149,748,15,18,12,35,114
95231,5,416,200,89,310,312|332|353|374|416,208,83,416,15,18,12,35,114
95232,5,457,200,103,310,312|332|353|374|416,228,91,457,15,18,12,35,114
95233,5,499,200,124,310,312|332|353|374|416,249,99,499,15,18,12,35,114
95234,5,624,200,155,310,312|332|353|374|416,312,124,624,15,18,12,35,114
95241,5,416,200,89,310,312|332|353|374|416,208,83,416,15,18,12,35,114
95242,5,457,200,103,310,312|332|353|374|416,228,91,457,15,18,12,35,114
95243,5,499,200,124,310,312|332|353|374|416,249,99,499,15,18,12,35,114
95244,5,624,200,155,310,312|332|353|374|416,312,124,624,15,18,12,35,114
95251,5,384,150,68,238,288|307|326|345|384,192,76,384,15,18,12,35,114
95252,5,422,150,79,238,288|307|326|345|384,211,84,422,15,18,12,35,114
95253,5,460,200,124,310,288|307|326|345|384,230,92,460,15,18,12,35,114
95254,5,576,200,155,310,288|307|326|345|384,288,115,576,15,18,12,35,114
95261,5,499,200,89,310,374|399|424|449|499,249,99,499,15,18,12,35,114
95262,5,548,200,103,310,374|399|424|449|499,274,109,548,15,18,12,35,114
95263,5,598,150,95,238,374|399|424|449|499,299,119,598,15,18,12,35,114
95264,5,748,150,119,238,374|399|424|449|499,374,149,748,15,18,12,35,114
95271,5,416,200,89,310,312|332|353|374|416,208,83,416,15,18,12,35,114
95272,5,457,200,103,310,312|332|353|374|416,228,91,457,15,18,12,35,114
95273,5,499,200,124,310,312|332|353|374|416,249,99,499,15,18,12,35,114
95274,5,624,200,155,310,312|332|353|374|416,312,124,624,15,18,12,35,114
95281,5,384,150,68,238,288|307|326|345|384,192,76,384,15,18,12,35,114
95282,5,422,150,79,238,288|307|326|345|384,211,84,422,15,18,12,35,114
95283,5,460,200,124,310,288|307|326|345|384,230,92,460,15,18,12,35,114
95284,5,576,200,155,310,288|307|326|345|384,288,115,576,15,18,12,35,114
95291,5,499,200,89,310,374|399|424|449|499,249,99,499,15,18,12,35,114
95292,5,548,200,103,310,374|399|424|449|499,274,109,548,15,18,12,35,114
95293,5,598,150,95,238,374|399|424|449|499,299,119,598,15,18,12,35,114
95294,5,748,150,119,238,374|399|424|449|499,374,149,748,15,18,12,35,114
95301,5,416,200,89,310,312|332|353|374|416,208,83,416,15,18,12,35,114
95302,5,457,200,103,310,312|332|353|374|416,228,91,457,15,18,12,35,114
95303,5,499,200,124,310,312|332|353|374|416,249,99,499,15,18,12,35,114
95304,5,624,200,155,310,312|332|353|374|416,312,124,624,15,18,12,35,114
95311,5,416,200,89,310,312|332|353|374|416,208,83,416,15,18,12,35,114
95312,5,457,200,103,310,312|332|353|374|416,228,91,457,15,18,12,35,114
95313,5,499,200,124,310,312|332|353|374|416,249,99,499,15,18,12,35,114
95314,5,624,200,155,310,312|332|353|374|416,312,124,624,15,18,12,35,114
95321,5,384,150,68,238,288|307|326|345|384,192,76,384,15,18,12,35,114
95322,5,422,150,79,238,288|307|326|345|384,211,84,422,15,18,12,35,114
95323,5,460,200,124,310,288|307|326|345|384,230,92,460,15,18,12,35,114
95324,5,576,200,155,310,288|307|326|345|384,288,115,576,15,18,12,35,114
95331,5,499,200,89,310,374|399|424|449|499,249,99,499,15,18,12,35,114
95332,5,548,200,103,310,374|399|424|449|499,274,109,548,15,18,12,35,114
95333,5,598,150,95,238,374|399|424|449|499,299,119,598,15,18,12,35,114
95334,5,748,150,119,238,374|399|424|449|499,374,149,748,15,18,12,35,114
95341,5,416,200,89,310,312|332|353|374|416,208,83,416,15,18,12,35,114
95342,5,457,200,103,310,312|332|353|374|416,228,91,457,15,18,12,35,114
95343,5,499,200,124,310,312|332|353|374|416,249,99,499,15,18,12,35,114
95344,5,624,200,155,310,312|332|353|374|416,312,124,624,15,18,12,35,114
95351,5,384,150,68,238,288|307|326|345|384,192,76,384,15,18,12,35,114
95352,5,422,150,79,238,288|307|326|345|384,211,84,422,15,18,12,35,114
95353,5,460,200,124,310,288|307|326|345|384,230,92,460,15,18,12,35,114
95354,5,576,200,155,310,288|307|326|345|384,288,115,576,15,18,12,35,114
98001,4,2338,410,243,850,1753|1870|1987|2104|2338,1169,467,2338,25,30,20,20,200
98002,4,2571,410,283,850,1753|1870|1987|2104|2338,1285,514,2571,25,30,20,20,200
98003,4,2805,410,340,850,1753|1870|1987|2104|2338,1402,561,2805,25,30,20,20,200
98004,4,3507,410,425,850,1753|1870|1987|2104|2338,1753,701,3507,25,30,20,20,200
98011,1,1290,220,137,480,967|1032|1096|1161|1290,645,258,1290,25,30,20,20,200
98012,1,1419,220,160,480,967|1032|1096|1161|1290,709,283,1419,25,30,20,20,200
98013,1,1548,220,192,480,967|1032|1096|1161|1290,774,309,1548,25,30,20,20,200
98014,1,1935,220,240,480,967|1032|1096|1161|1290,967,387,1935,25,30,20,20,200
98021,2,2580,450,271,950,1935|2064|2193|2322|2580,1290,516,2580,25,30,20,20,200
98022,2,2838,450,317,950,1935|2064|2193|2322|2580,1419,567,2838,25,30,20,20,200
98023,2,3096,450,380,950,1935|2064|2193|2322|2580,1548,619,3096,25,30,20,20,200
98024,2,3870,450,475,950,1935|2064|2193|2322|2580,1935,774,3870,25,30,20,20,200
98031,1,3562,580,374,1310,2671|2849|3027|3205|3562,1781,712,3562,25,30,20,20,200
98032,1,3918,580,437,1310,2671|2849|3027|3205|3562,1959,783,3918,25,30,20,20,200
98033,1,4274,580,524,1310,2671|2849|3027|3205|3562,2137,854,4274,25,30,20,20,200
98034,1,5343,580,655,1310,2671|2849|3027|3205|3562,2671,1068,5343,25,30,20,20,200
98041,2,3290,520,346,1210,2467|2632|2796|2961|3290,1645,658,3290,25,30,20,20,200
98042,2,3619,520,403,1210,2467|2632|2796|2961|3290,1809,723,3619,25,30,20,20,200
98043,2,3948,520,484,1210,2467|2632|2796|2961|3290,1974,789,3948,25,30,20,20,200
98044,2,4935,520,605,1210,2467|2632|2796|2961|3290,2467,987,4935,25,30,20,20,200
98051,2,1297,220,134,470,972|1037|1102|1167|1297,648,259,1297,25,30,20,20,200
98052,2,1426,220,157,470,972|1037|1102|1167|1297,713,285,1426,25,30,20,20,200
98053,2,1556,220,188,470,972|1037|1102|1167|1297,778,311,1556,25,30,20,20,200
98054,2,1945,220,235,470,972|1037|1102|1167|1297,972,389,1945,25,30,20,20,200
98061,1,4329,700,466,1630,3246|3463|3679|3896|4329,2164,865,4329,25,30,20,20,200
98062,1,4761,700,543,1630,3246|3463|3679|3896|4329,2380,952,4761,25,30,20,20,200
98063,1,5194,700,652,1630,3246|3463|3679|3896|4329,2597,1038,5194,25,30,20,20,200
98064,1,6493,700,815,1630,3246|3463|3679|3896|4329,3246,1298,6493,25,30,20,20,200
98071,4,2975,490,340,1190,2231|2380|2528|2677|2975,1487,595,2975,25,30,20,20,200
98072,4,3272,490,397,1190,2231|2380|2528|2677|2975,1636,654,3272,25,30,20,20,200
98073,4,3570,490,476,1190,2231|2380|2528|2677|2975,1785,714,3570,25,30,20,20,200
98074,4,4462,490,595,1190,2231|2380|2528|2677|2975,2231,892,4462,25,30,20,20,200
98081,3,4563,740,509,1780,3422|3650|3878|4106|4563,2281,912,4563,25,30,20,20,200
98082,3,5019,740,593,1780,3422|3650|3878|4106|4563,2509,1003,5019,25,30,20,20,200
98083,3,5475,740,712,1780,3422|3650|3878|4106|4563,2737,1095,5475,25,30,20,20,200
98084,3,6844,740,890,1780,3422|3650|3878|4106|4563,3422,1368,6844,25,30,20,20,200
98091,1,2947,460,317,1110,2210|2357|2504|2652|2947,1473,589,2947,25,30,20,20,200
98092,1,3241,460,370,1110,2210|2357|2504|2652|2947,1620,648,3241,25,30,20,20,200
98093,1,3536,460,444,1110,2210|2357|2504|2652|2947,1768,707,3536,25,30,20,20,200
98094,1,4420,460,555,1110,2210|2357|2504|2652|2947,2210,884,4420,25,30,20,20,200
98101,3,2954,450,300,1050,2215|2363|2510|2658|2954,1477,590,2954,25,30,20,20,200
98102,3,3248,450,350,1050,2215|2363|2510|2658|2954,1624,649,3248,25,30,20,20,200
98103,3,3544,450,420,1050,2215|2363|2510|2658|2954,1772,708,3544,25,30,20,20,200
98104,3,4430,450,525,1050,2215|2363|2510|2658|2954,2215,886,4430,25,30,20,20,200
98111,1,1477,210,160,560,1107|1181|1255|1329|1477,738,295,1477,25,30,20,20,200
98112,1,1624,210,187,560,1107|1181|1255|1329|1477,812,324,1624,25,30,20,20,200
98113,1,1772,210,224,560,1107|1181|1255|1329|1477,886,354,1772,25,30,20,20,200
98114,1,2215,210,280,560,1107|1181|1255|1329|1477,1107,443,2215,25,30,20,20,200
98121,1,4582,820,474,1660,3436|3665|3894|4123|4582,2291,916,4582,25,30,20,20,200
98122,1,5040,820,553,1660,3436|3665|3894|4123|4582,2520,1008,5040,25,30,20,20,200
98123,1,5498,820,664,1660,3436|3665|3894|4123|4582,2749,1099,5498,25,30,20,20,200
98124,1,6873,820,830,1660,3436|3665|3894|4123|4582,3436,1374,6873,25,30,20,20,200
98131,1,990,160,103,360,742|792|841|891|990,495,198,990,25,30,20,20,200
98132,1,1089,160,120,360,742|792|841|891|990,544,217,1089,25,30,20,20,200
98133,1,1188,160,144,360,742|792|841|891|990,594,237,1188,25,30,20,20,200
98134,1,1485,160,180,360,742|792|841|891|990,742,297,1485,25,30,20,20,200
98141,1,3529,630,403,1410,2646|2823|2999|3176|3529,1764,705,3529,25,30,20,20,200
98142,1,3881,630,470,1410,2646|2823|2999|3176|3529,1940,776,3881,25,30,20,20,200
98143,1,4234,630,564,1410,2646|2823|2999|3176|3529,2117,846,4234,25,30,20,20,200
98144,1,5293,630,705,1410,2646|2823|2999|3176|3529,2646,1058,5293,25,30,20,20,200
98151,4,2114,390,226,790,1585|1691|1796|1902|2114,1057,422,2114,25,30,20,20,200
98152,4,2325,390,263,790,1585|1691|1796|1902|2114,1162,465,2325,25,30,20,20,200
98153,4,2536,390,316,790,1585|1691|1796|1902|2114,1268,507,2536,25,30,20,20,200
98154,4,3171,390,395,790,1585|1691|1796|1902|2114,1585,634,3171,25,30,20,20,200
98161,4,3423,570,354,1240,2567|2738|2909|3080|3423,1711,684,3423,25,30,20,20,200
98162,4,3765,570,413,1240,2567|2738|2909|3080|3423,1882,753,3765,25,30,20,20,200
98163,4,4107,570,496,1240,2567|2738|2909|3080|3423,2053,821,4107,25,30,20,20,200
98164,4,5134,570,620,1240,2567|2738|2909|3080|3423,2567,1026,5134,25,30,20,20,200
98171,2,4719,730,509,1780,3539|3775|4011|4247|4719,2359,943,4719,25,30,20,20,200
98172,2,5190,730,593,1780,3539|3775|4011|4247|4719,2595,1038,5190,25,30,20,20,200
98173,2,5662,730,712,1780,3539|3775|4011|4247|4719,2831,1132,5662,25,30,20,20,200
98174,2,7078,730,890,1780,3539|3775|4011|4247|4719,3539,1415,7078,25,30,20,20,200
98181,3,2226,370,234,820,1669|1780|1892|2003|2226,1113,445,2226,25,30,20,20,200
98182,3,2448,370,273,820,1669|1780|1892|2003|2226,1224,489,2448,25,30,20,20,200
98183,3,2671,370,328,820,1669|1780|1892|2003|2226,1335,534,2671,25,30,20,20,200
98184,3,3339,370,410,820,1669|1780|1892|2003|2226,1669,667,3339,25,30,20,20,200
98191,2,5323,910,486,1700,3992|4258|4524|4790|5323,2661,1064,5323,25,30,20,20,200
98192,2,5855,910,567,1700,3992|4258|4524|4790|5323,2927,1171,5855,25,30,20,20,200
98193,2,6387,910,680,1700,3992|4258|4524|4790|5323,3193,1277,6387,25,30,20,20,200
98194,2,7984,910,850,1700,3992|4258|4524|4790|5323,3992,1596,7984,25,30,20,20,200
98201,2,1335,220,137,480,1001|1068|1134|1201|1335,667,267,1335,25,30,20,20,200
98202,2,1468,220,160,480,1001|1068|1134|1201|1335,734,293,1468,25,30,20,20,200
98203,2,1602,220,192,480,1001|1068|1134|1201|1335,801,320,1602,25,30,20,20,200
98204,2,2002,220,240,480,1001|1068|1134|1201|1335,1001,400,2002,25,30,20,20,200
98211,2,1260,200,143,500,945|1008|1071|1134|1260,630,252,1260,25,30,20,20,200
98212,2,1386,200,167,500,945|1008|1071|1134|1260,693,277,1386,25,30,20,20,200
98213,2,1512,200,200,500,945|1008|1071|1134|1260,756,302,1512,25,30,20,20,200
98214,2,1890,200,250,500,945|1008|1071|1134|1260,945,378,1890,25,30,20,20,200
98221,2,2670,450,271,950,2002|2136|2269|2403|2670,1335,534,2670,25,30,20,20,200
98222,2,2936,450,317,950,2002|2136|2269|2403|2670,1468,587,2936,25,30,20,20,200
98223,2,3204,450,380,950,2002|2136|2269|2403|2670,1602,640,3204,25,30,20,20,200
98224,2,4004,450,475,950,2002|2136|2269|2403|2670,2002,800,4004,25,30,20,20,200
98231,3,2700,450,286,1000,2025|2160|2295|2430|2700,1350,540,2700,25,30,20,20,200
98232,3,3000,450,333,1000,2025|2160|2295|2430|2700,1500,600,3000,25,30,20,20,200
98233,3,3300,450,400,1000,2025|2160|2295|2430|2700,1650,660,3300,25,30,20,20,200
98234,3,4200,450,500,1000,2025|2160|2295|2430|2700,2100,840,4200,25,30,20,20,200
98241,1,4860,810,463,1620,3645|3888|4131|4374|4860,2430,972,4860,25,30,20,20,200
98242,1,5400,810,540,1620,3645|3888|4131|4374|4860,2700,1080,5400,25,30,20,20,200
98243,1,5940,810,648,1620,3645|3888|4131|4374|4860,2970,1188,5940,25,30,20,20,200
98244,1,7560,810,810,1620,3645|3888|4131|4374|4860,3780,1512,7560,25,30,20,20,200
98251,3,1132,180,117,410,849|905|962|1018|1132,566,226,1132,25,30,20,20,200
98252,3,1245,180,137,410,849|905|962|1018|1132,622,249,1245,25,30,20,20,200
98253,3,1358,180,164,410,849|905|962|1018|1132,679,271,1358,25,30,20,20,200
98254,3,1698,180,205,410,849|905|962|1018|1132,849,339,1698,25,30,20,20,200
98261,2,3945,640,417,1460,2958|3156|3353|3550|3945,1972,789,3945,25,30,20,20,200
98262,2,4339,640,487,1460,2958|3156|3353|3550|3945,2169,867,4339,25,30,20,20,200
98263,2,4734,640,584,1460,2958|3156|3353|3550|3945,2367,946,4734,25,30,20,20,200
98264,2,5917,640,730,1460,2958|3156|3353|3550|3945,2958,1183,5917,25,30,20,20,200
98271,2,3744,640,411,1440,2808|2995|3182|3369|3744,1872,748,3744,25,30,20,20,200
98272,2,4118,640,480,1440,2808|2995|3182|3369|3744,2059,823,4118,25,30,20,20,200
98273,2,4492,640,576,1440,2808|2995|3182|3369|3744,2246,898,4492,25,30,20,20,200
98274,2,5616,640,720,1440,2808|2995|3182|3369|3744,2808,1123,5616,25,30,20,20,200
98281,3,787,130,86,300,590|629|668|708|787,393,157,787,25,30,20,20,200
98282,3,865,130,100,300,590|629|668|708|787,432,173,865,25,30,20,20,200
98283,3,944,130,120,300,590|629|668|708|787,472,188,944,25,30,20,20,200
98284,3,1180,130,150,300,590|629|668|708|787,590,236,1180,25,30,20,20,200
98291,4,2842,530,257,900,2131|2273|2415|2557|2842,1421,568,2842,25,30,20,20,200
98292,4,3126,530,300,900,2131|2273|2415|2557|2842,1563,625,3126,25,30,20,20,200
98293,4,3410,530,360,900,2131|2273|2415|2557|2842,1705,682,3410,25,30,20,20,200
98294,4,4263,530,450,900,2131|2273|2415|2557|2842,2131,852,4263,25,30,20,20,200
98301,4,2779,460,303,1060,2084|2223|2362|2501|2779,1389,555,2779,25,30,20,20,200
98302,4,3056,460,353,1060,2084|2223|2362|2501|2779,1528,611,3056,25,30,20,20,200
98303,4,3334,460,424,1060,2084|2223|2362|2501|2779,1667,666,3334,25,30,20,20,200
98304,4,4168,460,530,1060,2084|2223|2362|2501|2779,2084,833,4168,25,30,20,20,200
98311,2,4296,660,446,1560,3222|3436|3651|3866|4296,2148,859,4296,25,30,20,20,200
98312,2,4725,660,520,1560,3222|3436|3651|3866|4296,2362,945,4725,25,30,20,20,200
98313,2,5155,660,624,1560,3222|3436|3651|3866|4296,2577,1031,5155,25,30,20,20,200
98314,2,6444,660,780,1560,3222|3436|3651|3866|4296,3222,1288,6444,25,30,20,20,200
98321,2,3685,630,397,1390,2763|2948|3132|3316|3685,1842,737,3685,25,30,20,20,200
98322,2,4053,630,463,1390,2763|2948|3132|3316|3685,2026,810,4053,25,30,20,20,200
98323,2,4422,630,556,1390,2763|2948|3132|3316|3685,2211,884,4422,25,30,20,20,200
98324,2,5527,630,695,1390,2763|2948|3132|3316|3685,2763,1105,5527,25,30,20,20,200
98331,4,2025,350,220,770,1518|1620|1721|1822|2025,1012,405,2025,25,30,20,20,200
98332,4,2227,350,257,770,1518|1620|1721|1822|2025,1113,445,2227,25,30,20,20,200
98333,4,2430,350,308,770,1518|1620|1721|1822|2025,1215,486,2430,25,30,20,20,200
98334,4,3037,350,385,770,1518|1620|1721|1822|2025,1518,607,3037,25,30,20,20,200
98341,2,3815,680,434,1520,2861|3052|3242|3433|3815,1907,763,3815,25,30,20,20,200
98342,2,4196,680,507,1520,2861|3052|3242|3433|3815,2098,839,4196,25,30,20,20,200
98343,2,4578,680,608,1520,2861|3052|3242|3433|3815,2289,915,4578,25,30,20,20,200
98344,2,5722,680,760,1520,2861|3052|3242|3433|3815,2861,1144,5722,25,30,20,20,200
98351,2,1275,210,134,470,956|1020|1083|1147|1275,637,255,1275,25,30,20,20,200
98352,2,1402,210,157,470,956|1020|1083|1147|1275,701,280,1402,25,30,20,20,200
98353,2,1530,210,188,470,956|1020|1083|1147|1275,765,306,1530,25,30,20,20,200
98354,2,1912,210,235,470,956|1020|1083|1147|1275,956,382,1912,25,30,20,20,200
98361,4,1252,200,137,480,939|1001|1064|1126|1252,626,250,1252,25,30,20,20,200
98362,4,1377,200,160,480,939|1001|1064|1126|1252,688,275,1377,25,30,20,20,200
98363,4,1502,200,192,480,939|1001|1064|1126|1252,751,300,1502,25,30,20,20,200
98364,4,1878,200,240,480,939|1001|1064|1126|1252,939,375,1878,25,30,20,20,200
98371,2,2149,400,240,840,1611|1719|1826|1934|2149,1074,429,2149,25,30,20,20,200
98372,2,2363,400,280,840,1611|1719|1826|1934|2149,1181,472,2363,25,30,20,20,200
98373,2,2578,400,336,840,1611|1719|1826|1934|2149,1289,515,2578,25,30,20,20,200
98374,2,3223,400,420,840,1611|1719|1826|1934|2149,1611,644,3223,25,30,20,20,200
98381,3,1717,280,183,640,1287|1373|1459|1545|1717,858,343,1717,25,30,20,20,200
98382,3,1888,280,213,640,1287|1373|1459|1545|1717,944,377,1888,25,30,20,20,200
98383,3,2060,280,256,640,1287|1373|1459|1545|1717,1030,412,2060,25,30,20,20,200
98384,3,2575,280,320,640,1287|1373|1459|1545|1717,1287,515,2575,25,30,20,20,200
98391,3,5596,950,514,1800,4197|4476|4756|5036|5596,2798,1119,5596,25,30,20,20,200
98392,3,6155,950,600,1800,4197|4476|4756|5036|5596,3077,1231,6155,25,30,20,20,200
98393,3,6715,950,720,1800,4197|4476|4756|5036|5596,3357,1343,6715,25,30,20,20,200
98394,3,8394,950,900,1800,4197|4476|4756|5036|5596,4197,1678,8394,25,30,20,20,200
